Project Name,Package Name,Architecture Smell,Cause of the Smell
bitcoinj_bitcoinj,org.bitcoinj.examples,Feature Concentration,The tool detected the smell in this component because the component realizes more than one architectural concern/feature. Independent sets of related classes within this component are: [GenerateLowSTests]; [BackupToMnemonicSeed]; [Kit]; [PrivateKeys]; [PrintPeers]; [ForwardingService; SendRequest]; [DumpWallet]; [DoubleSpend]; [PeerMonitor]; [PeerMonitor.PeerTableModel]; [PeerMonitor.PeerTableRenderer]; [FetchTransactions]; [RestoreFromSeed]; [FetchBlock]; [RefreshWallet]. LCC (Lack of Component Cohesion) = 0.94
bitcoinj_bitcoinj,<All packages>,Dense Structure, The tool detected the smell because all the analyzed components exhibit excessive and dense dependencies among themselves. Average degree = 9.82. All the dependencies among components: from: org.bitcoinj.examples to: org.bitcoinj.core; from: org.bitcoinj.examples to: org.bitcoinj.signers; from: org.bitcoinj.examples to: org.bitcoinj.wallet; from: org.bitcoinj.examples to: org.bitcoinj.script; from: org.bitcoinj.examples to: org.bitcoinj.crypto; from: org.bitcoinj.examples to: org.bitcoinj.base; from: org.bitcoinj.examples to: org.bitcoinj.base.utils; from: org.bitcoinj.examples to: org.bitcoinj.core.internal; from: org.bitcoinj.examples to: org.bitcoinj.params; from: org.bitcoinj.examples to: org.bitcoinj.kits; from: org.bitcoinj.examples to: org.bitcoinj.store; from: org.bitcoinj.examples to: org.bitcoinj.net.discovery; from: org.bitcoinj.examples to: org.bitcoinj.net; from: org.bitcoinj.examples to: org.bitcoinj.utils; from: org.bitcoinj.examples to: org.bitcoinj.wallet.listeners; from: org.bitcoinj.examples to: org.bitcoinj.core.listeners; from: org.bitcoinj.tools to: org.bitcoinj.base; from: org.bitcoinj.tools to: org.bitcoinj.store; from: org.bitcoinj.tools to: org.bitcoinj.utils; from: org.bitcoinj.tools to: org.bitcoinj.kits; from: org.bitcoinj.tools to: org.bitcoinj.wallet; from: org.bitcoinj.tools to: org.bitcoinj.core; from: org.bitcoinj.tools to: org.bitcoinj.params; from: org.bitcoinj.tools to: org.bitcoinj.protocols.payments; from: org.bitcoinj.tools to: org.bitcoin.protocols.payments; from: org.bitcoinj.tools to: org.bitcoinj.uri; from: wallettemplate to: org.bitcoinj.walletfx.application; from: wallettemplate to: org.bitcoinj.walletfx.overlay; from: wallettemplate to: org.bitcoinj.walletfx.utils; from: wallettemplate to: org.bitcoinj.wallet; from: wallettemplate to: org.bitcoinj.crypto; from: wallettemplate to: org.bitcoinj.core.internal; from: wallettemplate to: org.bitcoinj.walletfx.controls; from: wallettemplate to: org.bitcoinj.base.utils; from: wallettemplate to: org.bitcoinj.base; from: wallettemplate to: org.bitcoinj.walletfx.utils.easing; from: org.bitcoinj.walletfx.overlay to: org.bitcoinj.walletfx.utils; from: org.bitcoinj.walletfx.controls to: org.bitcoinj.core; from: org.bitcoinj.walletfx.controls to: org.bitcoinj.walletfx.overlay; from: org.bitcoinj.walletfx.controls to: org.bitcoinj.uri; from: org.bitcoinj.walletfx.controls to: org.bitcoinj.walletfx.utils; from: org.bitcoinj.walletfx.controls to: org.bitcoinj.walletfx.utils.easing; from: org.bitcoinj.walletfx.utils to: org.bitcoinj.crypto; from: org.bitcoinj.walletfx.utils to: org.bitcoinj.wallet; from: org.bitcoinj.walletfx.utils to: org.bitcoinj.base; from: org.bitcoinj.walletfx.application to: org.bitcoinj.kits; from: org.bitcoinj.walletfx.application to: org.bitcoinj.base; from: org.bitcoinj.walletfx.application to: org.bitcoinj.wallet; from: org.bitcoinj.walletfx.application to: org.bitcoinj.utils; from: org.bitcoinj.walletfx.application to: org.bitcoinj.core; from: org.bitcoinj.walletfx.application to: org.bitcoinj.walletfx.utils; from: org.bitcoinj.walletfx.application to: wallettemplate; from: org.bitcoinj.wallettool to: org.bitcoinj.base; from: org.bitcoinj.wallettool to: org.bitcoinj.core; from: org.bitcoinj.wallettool to: org.bitcoinj.wallet; from: org.bitcoinj.wallettool to: org.bitcoinj.uri; from: org.bitcoinj.wallettool to: org.bitcoinj.protocols.payments; from: org.bitcoinj.wallettool to: org.bitcoinj.core.listeners; from: org.bitcoinj.wallettool to: org.bitcoinj.base.utils; from: org.bitcoinj.wallettool to: org.bitcoinj.utils; from: org.bitcoinj.wallettool to: org.bitcoinj.params; from: org.bitcoinj.signers to: org.bitcoinj.wallet; from: org.bitcoinj.signers to: org.bitcoinj.core; from: org.bitcoinj.signers to: org.bitcoinj.script; from: org.bitcoinj.signers to: org.bitcoinj.base; from: org.bitcoinj.signers to: org.bitcoinj.crypto; from: org.bitcoinj.kits to: org.bitcoinj.base; from: org.bitcoinj.kits to: org.bitcoinj.core; from: org.bitcoinj.kits to: org.bitcoinj.wallet; from: org.bitcoinj.kits to: org.bitcoinj.store; from: org.bitcoinj.kits to: org.bitcoinj.core.listeners; from: org.bitcoinj.kits to: org.bitcoinj.crypto; from: org.bitcoinj.kits to: org.bitcoinj.net.discovery; from: org.bitcoinj.crypto to: org.bitcoinj.core; from: org.bitcoinj.crypto to: org.bitcoinj.wallet; from: org.bitcoinj.crypto to: org.bitcoinj.base; from: org.bitcoinj.crypto to: org.bitcoinj.base.utils; from: org.bitcoinj.crypto to: org.bitcoinj.core.internal; from: org.bitcoinj.params to: org.bitcoinj.base; from: org.bitcoinj.params to: org.bitcoinj.core; from: org.bitcoinj.params to: org.bitcoinj.base.utils; from: org.bitcoinj.params to: org.bitcoinj.store; from: org.bitcoinj.params to: org.bitcoinj.protocols.payments; from: org.bitcoinj.protocols.payments to: org.bitcoinj.core; from: org.bitcoinj.protocols.payments to: org.bitcoin.protocols.payments; from: org.bitcoinj.protocols.payments to: org.bitcoinj.base; from: org.bitcoinj.protocols.payments to: org.bitcoinj.uri; from: org.bitcoinj.protocols.payments to: org.bitcoinj.crypto; from: org.bitcoinj.protocols.payments to: org.bitcoinj.utils; from: org.bitcoinj.protocols.payments to: org.bitcoinj.wallet; from: org.bitcoinj.protocols.payments to: org.bitcoinj.params; from: org.bitcoinj.protocols.payments to: org.bitcoinj.script; from: org.bitcoinj.protocols.payments to: org.bitcoinj.testing; from: org.bitcoinj.utils to: org.bitcoinj.base; from: org.bitcoinj.utils to: org.bitcoinj.base.utils; from: org.bitcoinj.utils to: org.bitcoinj.core; from: org.bitcoinj.utils to: org.bitcoinj.store; from: org.bitcoinj.utils to: org.bitcoinj.testing; from: org.bitcoinj.jni to: org.bitcoinj.wallet; from: org.bitcoinj.jni to: org.bitcoinj.core; from: org.bitcoinj.jni to: org.bitcoinj.base; from: org.bitcoinj.uri to: org.bitcoinj.core; from: org.bitcoinj.uri to: org.bitcoinj.base; from: org.bitcoinj.testing to: org.bitcoinj.core; from: org.bitcoinj.testing to: org.bitcoinj.base; from: org.bitcoinj.testing to: org.bitcoinj.store; from: org.bitcoinj.testing to: org.bitcoinj.script; from: org.bitcoinj.testing to: org.bitcoinj.crypto; from: org.bitcoinj.testing to: org.bitcoinj.wallet; from: org.bitcoinj.testing to: org.bitcoinj.utils; from: org.bitcoinj.testing to: org.bitcoinj.net; from: org.bitcoinj.testing to: org.bitcoinj.core.listeners; from: org.bitcoinj.base to: org.bitcoinj.base.utils; from: org.bitcoinj.base.utils to: org.bitcoinj.base; from: org.bitcoinj.store to: org.bitcoinj.core; from: org.bitcoinj.store to: org.bitcoinj.base; from: org.bitcoinj.store to: org.bitcoinj.base.utils; from: org.bitcoinj.store to: org.bitcoinj.wallet; from: org.bitcoinj.store to: org.bitcoinj.testing; from: org.bitcoinj.store to: org.bitcoinj.crypto; from: org.bitcoinj.store to: org.bitcoinj.utils; from: org.bitcoinj.store to: org.bitcoinj.script; from: org.bitcoinj.script to: org.bitcoinj.core; from: org.bitcoinj.script to: org.bitcoinj.base.utils; from: org.bitcoinj.script to: org.bitcoinj.base; from: org.bitcoinj.script to: org.bitcoinj.crypto; from: org.bitcoinj.script to: org.bitcoinj.core.internal; from: org.bitcoinj.core to: org.bitcoinj.base.utils; from: org.bitcoinj.core to: org.bitcoinj.core.internal; from: org.bitcoinj.core to: org.bitcoinj.base; from: org.bitcoinj.core to: org.bitcoinj.crypto; from: org.bitcoinj.core to: org.bitcoinj.wallet; from: org.bitcoinj.core to: org.bitcoin; from: org.bitcoinj.core to: org.bitcoinj.utils; from: org.bitcoinj.core to: org.bitcoinj.script; from: org.bitcoinj.core to: org.bitcoinj.store; from: org.bitcoinj.core to: org.bitcoinj.core.listeners; from: org.bitcoinj.core to: org.bitcoinj.net; from: org.bitcoinj.core to: org.bitcoinj.wallet.listeners; from: org.bitcoinj.core to: org.bitcoinj.net.discovery; from: org.bitcoinj.core to: org.bitcoinj.protocols.payments; from: org.bitcoinj.core to: org.bitcoinj.params; from: org.bitcoinj.core to: org.bitcoinj.testing; from: org.bitcoinj.core.listeners to: org.bitcoinj.core; from: org.bitcoinj.core.listeners to: org.bitcoinj.utils; from: org.bitcoinj.core.listeners to: org.bitcoinj.wallet; from: org.bitcoinj.core.listeners to: org.bitcoinj.base; from: org.bitcoinj.net to: org.bitcoinj.utils; from: org.bitcoinj.net to: org.bitcoinj.core; from: org.bitcoinj.net.discovery to: org.bitcoinj.core; from: org.bitcoinj.net.discovery to: org.bitcoinj.base.utils; from: org.bitcoinj.net.discovery to: org.bitcoinj.params; from: org.bitcoinj.wallet to: org.bitcoinj.core; from: org.bitcoinj.wallet to: org.bitcoinj.crypto; from: org.bitcoinj.wallet to: org.bitcoinj.base; from: org.bitcoinj.wallet to: org.bitcoinj.wallet.listeners; from: org.bitcoinj.wallet to: org.bitcoinj.core.internal; from: org.bitcoinj.wallet to: org.bitcoinj.base.utils; from: org.bitcoinj.wallet to: org.bitcoinj.utils; from: org.bitcoinj.wallet to: org.bitcoinj.script; from: org.bitcoinj.wallet to: org.bitcoinj.signers; from: org.bitcoinj.wallet to: org.bitcoinj.core.listeners; from: org.bitcoinj.wallet to: org.bitcoinj.params; from: org.bitcoinj.wallet to: org.bitcoinj.testing; from: org.bitcoinj.wallet.listeners to: org.bitcoinj.wallet; from: org.bitcoinj.wallet.listeners to: org.bitcoinj.core; from: org.bitcoinj.wallet.listeners to: org.bitcoinj.base.
bitcoinj_bitcoinj,wallettemplate,Cyclic Dependency,The tool detected the smell in this component because this component participates in a cyclic dependency. The participating components in the cycle are: wallettemplate; org.bitcoinj.walletfx.application
bitcoinj_bitcoinj,wallettemplate,Feature Concentration,The tool detected the smell in this component because the component realizes more than one architectural concern/feature. Independent sets of related classes within this component are: [WalletSetPasswordController; WalletPasswordController]; [WalletSettingsController]; [MainController; WalletTemplate; Main]; [SendMoneyController]. LCC (Lack of Component Cohesion) = 0.57
bitcoinj_bitcoinj,org.bitcoinj.walletfx.overlay,Unstable Dependency,The tool detected the smell in this component because this component depends on other components that are less stable than itself. This component depends on following less stable component(s): org.bitcoinj.walletfx.utils
bitcoinj_bitcoinj,org.bitcoinj.walletfx.utils,Unstable Dependency,The tool detected the smell in this component because this component depends on other components that are less stable than itself. This component depends on following less stable component(s): org.bitcoinj.wallet
bitcoinj_bitcoinj,org.bitcoinj.walletfx.utils,Feature Concentration,The tool detected the smell in this component because the component realizes more than one architectural concern/feature. Independent sets of related classes within this component are: [TextFieldValidator]; [KeyDerivationTasks]; [GuiUtils; AlertWindowController]; [ThrottledRunLater]; [BitcoinUIModel]; [BitcoinUIModel.ProgressBarUpdater]; [QRCodeImages]; [WTUtils]; [WTUtils.UncheckedRun]; [WTUtils.UncheckedRunnable]. LCC (Lack of Component Cohesion) = 0.91
bitcoinj_bitcoinj,org.bitcoinj.walletfx.application,Cyclic Dependency,The tool detected the smell in this component because this component participates in a cyclic dependency. The participating components in the cycle are: org.bitcoinj.walletfx.application; wallettemplate
bitcoinj_bitcoinj,org.bitcoinj.walletfx.application,Unstable Dependency,The tool detected the smell in this component because this component depends on other components that are less stable than itself. This component depends on following less stable component(s): org.bitcoinj.kits; wallettemplate
bitcoinj_bitcoinj,org.bitcoinj.wallettool,Feature Concentration,The tool detected the smell in this component because the component realizes more than one architectural concern/feature. Independent sets of related classes within this component are: [WalletTool; WalletToolTest]; [WalletTool.Condition]; [WalletTool.Type]; [WalletTool.ActionEnum]; [WalletTool.WaitForEnum]; [WalletTool.ValidationMode]; [WalletTool.OutputSpec]; [WalletTool.WalletEventListener]. LCC (Lack of Component Cohesion) = 0.89
bitcoinj_bitcoinj,org.bitcoin.protocols.payments,Ambiguous Interface,The tool detected the smell in this component because the component provides only a single, general entry-point via the following class: Protos
bitcoinj_bitcoinj,org.bitcoin.protocols.payments,Feature Concentration,The tool detected the smell in this component because the component realizes more than one architectural concern/feature. Independent sets of related classes within this component are: [Protos; Protos.Output; Protos.Builder; Protos.PaymentDetailsOrBuilder; Protos.PaymentDetails; Protos.Builder; Protos.PaymentRequest; Protos.Builder; Protos.X509Certificates; Protos.Builder; Protos.PaymentOrBuilder; Protos.Payment; Protos.Builder; Protos.PaymentACKOrBuilder; Protos.PaymentACK; Protos.Builder]; [Protos.OutputOrBuilder]; [Protos.PaymentRequestOrBuilder]; [Protos.X509CertificatesOrBuilder]. LCC (Lack of Component Cohesion) = 0.21
bitcoinj_bitcoinj,org.bitcoin.crawler,Ambiguous Interface,The tool detected the smell in this component because the component provides only a single, general entry-point via the following class: PeerSeedProtos
bitcoinj_bitcoinj,org.bitcoin.crawler,Feature Concentration,The tool detected the smell in this component because the component realizes more than one architectural concern/feature. Independent sets of related classes within this component are: [PeerSeedProtos; PeerSeedProtos.PeerSeedData; PeerSeedProtos.Builder; PeerSeedProtos.PeerSeedsOrBuilder; PeerSeedProtos.PeerSeeds; PeerSeedProtos.Builder; PeerSeedProtos.SignedPeerSeeds; PeerSeedProtos.Builder]; [PeerSeedProtos.PeerSeedDataOrBuilder]; [PeerSeedProtos.SignedPeerSeedsOrBuilder]. LCC (Lack of Component Cohesion) = 0.3
bitcoinj_bitcoinj,org.bitcoinj.signers,Cyclic Dependency,The tool detected the smell in this component because this component participates in a cyclic dependency. The participating components in the cycle are: org.bitcoinj.signers; org.bitcoinj.wallet
bitcoinj_bitcoinj,org.bitcoinj.signers,Cyclic Dependency,The tool detected the smell in this component because this component participates in a cyclic dependency. The participating components in the cycle are: org.bitcoinj.signers; org.bitcoinj.core; org.bitcoinj.wallet
bitcoinj_bitcoinj,org.bitcoinj.signers,Feature Concentration,The tool detected the smell in this component because the component realizes more than one architectural concern/feature. Independent sets of related classes within this component are: [MissingSigResolutionSigner; TransactionSigner; CustomTransactionSigner; LocalTransactionSigner]; [CustomTransactionSigner.SignatureAndKey]; [TransactionSigner.ProposedTransaction]; [TransactionSigner.MissingSignatureException]. LCC (Lack of Component Cohesion) = 0.57
bitcoinj_bitcoinj,org.bitcoinj.crypto,God Component,The tool detected the smell in this component because the component contains high number of classes. Number of classes in the component are: 46
bitcoinj_bitcoinj,org.bitcoinj.crypto,Cyclic Dependency,The tool detected the smell in this component because this component participates in a cyclic dependency. The participating components in the cycle are: org.bitcoinj.crypto; org.bitcoinj.core
bitcoinj_bitcoinj,org.bitcoinj.crypto,Cyclic Dependency,The tool detected the smell in this component because this component participates in a cyclic dependency. The participating components in the cycle are: org.bitcoinj.crypto; org.bitcoinj.core; org.bitcoinj.wallet
bitcoinj_bitcoinj,org.bitcoinj.crypto,Unstable Dependency,The tool detected the smell in this component because this component depends on other components that are less stable than itself. This component depends on following less stable component(s): org.bitcoinj.core; org.bitcoinj.wallet
bitcoinj_bitcoinj,org.bitcoinj.crypto,Feature Concentration,The tool detected the smell in this component because the component realizes more than one architectural concern/feature. Independent sets of related classes within this component are: [DeterministicHierarchy; DeterministicKey; ChildNumber; EncryptedData; HDPath; KeyCrypter; EncryptableItem; KeyCrypterException; KeyCrypterException.PublicPrivateMismatch; KeyCrypterException.InvalidCipherText; HDKeyDerivation; HDKeyDerivation.KeySupplier; KeyCrypterScryptTest; HDKeyDerivationTest; ChildKeyDerivationTest; BIP32Test; BIP32Test.HDWTestVector; BIP32Test.DerivedTestCase; HDPathTest; LazyECPoint; KeyCrypterScrypt; HDUtils; HDUtilsTest; HDDerivationException]; [BIP38PrivateKey; DRMWorkaround; BIP38PrivateKeyTest]; [BIP38PrivateKey.BadPassphraseException]; [PBKDF2SHA512; MnemonicCode; MnemonicException; MnemonicException.MnemonicLengthException; MnemonicException.MnemonicChecksumException; MnemonicException.MnemonicWordException; MnemonicCodeTest; MnemonicCodeVectorsTest]; [LinuxSecureRandom]; [LinuxSecureRandom.LinuxSecureRandomProvider]; [TrustStoreLoader; TrustStoreLoader.DefaultTrustStoreLoader; TrustStoreLoader.FileTrustStoreLoader]; [TransactionSignature]; [HDKeyDerivation.PublicDeriveMode]; [HDKeyDerivation.RawKeyBytes]; [X509Utils; X509UtilsTest]. LCC (Lack of Component Cohesion) = 0.24
bitcoinj_bitcoinj,org.bitcoinj.params,Cyclic Dependency,The tool detected the smell in this component because this component participates in a cyclic dependency. The participating components in the cycle are: org.bitcoinj.params; org.bitcoinj.core
bitcoinj_bitcoinj,org.bitcoinj.params,Cyclic Dependency,The tool detected the smell in this component because this component participates in a cyclic dependency. The participating components in the cycle are: org.bitcoinj.params; org.bitcoinj.core; org.bitcoinj.wallet
bitcoinj_bitcoinj,org.bitcoinj.params,Unstable Dependency,The tool detected the smell in this component because this component depends on other components that are less stable than itself. This component depends on following less stable component(s): org.bitcoinj.core; org.bitcoinj.store; org.bitcoinj.protocols.payments
bitcoinj_bitcoinj,org.bitcoinj.params,Feature Concentration,The tool detected the smell in this component because the component realizes more than one architectural concern/feature. Independent sets of related classes within this component are: [UnitTestParams; BitcoinNetworkParams; TestNet3Params; MainNetParams; BitcoinNetworkParamsTest; RegTestParams; SigNetParams]; [Networks]. LCC (Lack of Component Cohesion) = 0.25
bitcoinj_bitcoinj,org.bitcoinj.protocols.payments,Cyclic Dependency,The tool detected the smell in this component because this component participates in a cyclic dependency. The participating components in the cycle are: org.bitcoinj.protocols.payments; org.bitcoinj.core
bitcoinj_bitcoinj,org.bitcoinj.protocols.payments,Cyclic Dependency,The tool detected the smell in this component because this component participates in a cyclic dependency. The participating components in the cycle are: org.bitcoinj.protocols.payments; org.bitcoinj.core; org.bitcoinj.params
bitcoinj_bitcoinj,org.bitcoinj.protocols.payments,Feature Concentration,The tool detected the smell in this component because the component realizes more than one architectural concern/feature. Independent sets of related classes within this component are: [PaymentSession; PaymentProtocolException; PaymentProtocolException.Expired; PaymentProtocolException.InvalidPaymentRequestURL; PaymentProtocolException.InvalidPaymentURL; PaymentProtocolException.InvalidOutputs; PaymentProtocolException.InvalidVersion; PaymentProtocolException.InvalidNetwork; PaymentProtocolException.InvalidPkiType; PaymentProtocolException.InvalidPkiData; PaymentProtocolException.PkiVerificationException; PaymentProtocol; PaymentProtocol.PkiVerificationData; PaymentSessionTest; PaymentSessionTest.MockPaymentSession; PaymentProtocolTest]; [PaymentProtocol.Ack]; [PaymentProtocol.Output]; [PaymentSessionTest.PaymentLogItem]. LCC (Lack of Component Cohesion) = 0.21
bitcoinj_bitcoinj,org.bitcoinj.utils,God Component,The tool detected the smell in this component because the component contains high number of classes. Number of classes in the component are: 33
bitcoinj_bitcoinj,org.bitcoinj.utils,Cyclic Dependency,The tool detected the smell in this component because this component participates in a cyclic dependency. The participating components in the cycle are: org.bitcoinj.utils; org.bitcoinj.core
bitcoinj_bitcoinj,org.bitcoinj.utils,Cyclic Dependency,The tool detected the smell in this component because this component participates in a cyclic dependency. The participating components in the cycle are: org.bitcoinj.utils; org.bitcoinj.core; org.bitcoinj.wallet
bitcoinj_bitcoinj,org.bitcoinj.utils,Unstable Dependency,The tool detected the smell in this component because this component depends on other components that are less stable than itself. This component depends on following less stable component(s): org.bitcoinj.core; org.bitcoinj.store; org.bitcoinj.testing
bitcoinj_bitcoinj,org.bitcoinj.utils,Feature Concentration,The tool detected the smell in this component because the component realizes more than one architectural concern/feature. Independent sets of related classes within this component are: [ListenableCompletableFuture; FutureUtils; ListenableCompletionStage]; [ListenerRegistration]; [BtcFormat; BtcAutoFormat; BtcFixedFormat; BtcFormatTest; BtcFixedFormatTest; BtcFixedFormatThrowsIllegalStateExceptionTest; BtcFormat.Builder]; [BtcFormat.Variant]; [BtcFormat.ScaleMatcher]; [BtcAutoFormat.Style]; [FutureUtils.ThrowingSupplier]; [ExchangeRate; ExchangeRateTest]; [TaggableObject; BaseTaggableObject; BaseTaggableObjectTest]; [ExponentialBackoff; ExponentialBackoffTest]; [ExponentialBackoff.Params]; [BlockFileLoader; AppDataDirectory; AppDataDirectoryTest]; [DaemonThreadFactory]; [ContextPropagatingThreadFactory; Threading]; [BriefLogFormatter; VersionTallyTest; VersionTally]; [Threading.UserThread]. LCC (Lack of Component Cohesion) = 0.48
bitcoinj_bitcoinj,org.bitcoinj.jni,Feature Concentration,The tool detected the smell in this component because the component realizes more than one architectural concern/feature. Independent sets of related classes within this component are: [NativeWalletReorganizeEventListener]; [NativeFutureCallback]; [NativeWalletChangeEventListener]; [NativeBlockChainListener]; [NativeScriptsChangeEventListener]; [NativeTransactionConfidenceEventListener]; [NativeKeyChainEventListener]; [NativeWalletCoinsSentEventListener]; [NativeWalletCoinsReceivedEventListener]; [NativeTransactionConfidenceListener]. LCC (Lack of Component Cohesion) = 1.0
bitcoinj_bitcoinj,org.bitcoinj.uri,Cyclic Dependency,The tool detected the smell in this component because this component participates in a cyclic dependency. The participating components in the cycle are: org.bitcoinj.uri; org.bitcoinj.core; org.bitcoinj.protocols.payments
bitcoinj_bitcoinj,org.bitcoinj.uri,Cyclic Dependency,The tool detected the smell in this component because this component participates in a cyclic dependency. The participating components in the cycle are: org.bitcoinj.uri; org.bitcoinj.core; org.bitcoinj.params; org.bitcoinj.protocols.payments
bitcoinj_bitcoinj,org.bitcoinj.testing,Cyclic Dependency,The tool detected the smell in this component because this component participates in a cyclic dependency. The participating components in the cycle are: org.bitcoinj.testing; org.bitcoinj.core
bitcoinj_bitcoinj,org.bitcoinj.testing,Cyclic Dependency,The tool detected the smell in this component because this component participates in a cyclic dependency. The participating components in the cycle are: org.bitcoinj.testing; org.bitcoinj.core; org.bitcoinj.wallet
bitcoinj_bitcoinj,org.bitcoinj.testing,Feature Concentration,The tool detected the smell in this component because the component realizes more than one architectural concern/feature. Independent sets of related classes within this component are: [FakeTxBuilder; TestWithWallet]; [FakeTxBuilder.DoubleSpends]; [FakeTxBuilder.BlockPair]; [KeyChainTransactionSigner]; [MockTransactionBroadcaster]; [MockTransactionBroadcaster.TxFuturePair]; [NopTransactionSigner]; [FooWalletExtension]; [TestWithNetworkConnections; TestWithPeerGroup; InboundMessageQueuer]; [TestWithNetworkConnections.ClientType]. LCC (Lack of Component Cohesion) = 0.77
bitcoinj_bitcoinj,org.bitcoinj.base,Cyclic Dependency,The tool detected the smell in this component because this component participates in a cyclic dependency. The participating components in the cycle are: org.bitcoinj.base; org.bitcoinj.base.utils
bitcoinj_bitcoinj,org.bitcoinj.base,Unstable Dependency,The tool detected the smell in this component because this component depends on other components that are less stable than itself. This component depends on following less stable component(s): org.bitcoinj.base.utils
bitcoinj_bitcoinj,org.bitcoinj.base,Feature Concentration,The tool detected the smell in this component because the component realizes more than one architectural concern/feature. Independent sets of related classes within this component are: [Bech32]; [Bech32.Encoding]; [Bech32.Bech32Data]; [BitcoinNetwork; Coin; Network; Monetary; CoinTest; BitcoinNetworkTest]; [Sha256Hash; Base58]; [ScriptType]. LCC (Lack of Component Cohesion) = 0.5
bitcoinj_bitcoinj,org.bitcoinj.base.utils,Cyclic Dependency,The tool detected the smell in this component because this component participates in a cyclic dependency. The participating components in the cycle are: org.bitcoinj.base.utils; org.bitcoinj.base
bitcoinj_bitcoinj,org.bitcoinj.base.utils,Feature Concentration,The tool detected the smell in this component because the component realizes more than one architectural concern/feature. Independent sets of related classes within this component are: [ByteUtils; ByteUtilsTest]; [Fiat; MonetaryFormat; MonetaryFormatTest; FiatTest]; [StreamUtils; StreamUtilsTest]. LCC (Lack of Component Cohesion) = 0.38
bitcoinj_bitcoinj,org.bitcoinj.base.exceptions,Feature Concentration,The tool detected the smell in this component because the component realizes more than one architectural concern/feature. Independent sets of related classes within this component are: [AddressFormatException; AddressFormatException.InvalidCharacter; AddressFormatException.InvalidDataLength; AddressFormatException.InvalidChecksum; AddressFormatException.UnexpectedWitnessVersion; AddressFormatException.InvalidPrefix]; [AddressFormatException.WrongNetwork]. LCC (Lack of Component Cohesion) = 0.29
bitcoinj_bitcoinj,org.bitcoinj.store,Cyclic Dependency,The tool detected the smell in this component because this component participates in a cyclic dependency. The participating components in the cycle are: org.bitcoinj.store; org.bitcoinj.core
bitcoinj_bitcoinj,org.bitcoinj.store,Cyclic Dependency,The tool detected the smell in this component because this component participates in a cyclic dependency. The participating components in the cycle are: org.bitcoinj.store; org.bitcoinj.core; org.bitcoinj.utils
bitcoinj_bitcoinj,org.bitcoinj.store,Unstable Dependency,The tool detected the smell in this component because this component depends on other components that are less stable than itself. This component depends on following less stable component(s): org.bitcoinj.wallet; org.bitcoinj.testing
bitcoinj_bitcoinj,org.bitcoinj.store,Feature Concentration,The tool detected the smell in this component because the component realizes more than one architectural concern/feature. Independent sets of related classes within this component are: [FullPrunedBlockStore; StoredTransactionOutPoint.MemoryFullPrunedBlockStore; BlockStoreException; DatabaseFullPrunedBlockStore; ChainFileLockedException; H2FullPrunedBlockStore; BlockStore; MySQLFullPrunedBlockStore; SPVBlockStoreTest; SPVBlockStore; PostgresFullPrunedBlockStore; MemoryBlockStore]; [StoredTransactionOutPoint]; [StoredTransactionOutPoint.TransactionalHashMap]; [StoredTransactionOutPoint.TransactionalMultiKeyHashMap]; [StoredTransactionOutPoint.StoredBlockAndWasUndoableFlag]; [WalletProtobufSerializerTest]. LCC (Lack of Component Cohesion) = 0.35
bitcoinj_bitcoinj,org.bitcoinj.script,Cyclic Dependency,The tool detected the smell in this component because this component participates in a cyclic dependency. The participating components in the cycle are: org.bitcoinj.script; org.bitcoinj.core
bitcoinj_bitcoinj,org.bitcoinj.script,Cyclic Dependency,The tool detected the smell in this component because this component participates in a cyclic dependency. The participating components in the cycle are: org.bitcoinj.script; org.bitcoinj.core; org.bitcoinj.wallet
bitcoinj_bitcoinj,org.bitcoinj.script,Unstable Dependency,The tool detected the smell in this component because this component depends on other components that are less stable than itself. This component depends on following less stable component(s): org.bitcoinj.core
bitcoinj_bitcoinj,org.bitcoinj.core,God Component,The tool detected the smell in this component because the component contains high number of classes. Number of classes in the component are: 185
bitcoinj_bitcoinj,org.bitcoinj.core,Cyclic Dependency,The tool detected the smell in this component because this component participates in a cyclic dependency. The participating components in the cycle are: org.bitcoinj.core; org.bitcoinj.crypto
bitcoinj_bitcoinj,org.bitcoinj.core,Cyclic Dependency,The tool detected the smell in this component because this component participates in a cyclic dependency. The participating components in the cycle are: org.bitcoinj.core; org.bitcoinj.crypto; org.bitcoinj.wallet
bitcoinj_bitcoinj,org.bitcoinj.core,Unstable Dependency,The tool detected the smell in this component because this component depends on other components that are less stable than itself. This component depends on following less stable component(s): org.bitcoinj.wallet; org.bitcoinj.store; org.bitcoinj.core.listeners; org.bitcoinj.net; org.bitcoinj.net.discovery; org.bitcoinj.protocols.payments; org.bitcoinj.testing
bitcoinj_bitcoinj,org.bitcoinj.core,Feature Concentration,The tool detected the smell in this component because the component realizes more than one architectural concern/feature. Independent sets of related classes within this component are: [Utils; ECKey; Transaction; BloomFilter; BitcoinSerializer; AbstractBlockChain; CheckpointManager; PeerGroup; StoredBlock; DummySerializer; VersionMessage; Block; NetworkParameters; UTXOProvider; GetAddrMessage; UnknownMessage; PrunedException; Address; ProtocolException; PartialMerkleTree; PeerFilterProvider; Ping; TransactionInput; GetHeadersMessage; TransactionOutput; AddressV2Message; LegacyAddress; FullPrunedBlockChain; FullPrunedBlockChain.Verifier; VerificationException; VerificationException.EmptyInputsOrOutputs; VerificationException.LargerThanMaxBlockSize; VerificationException.DuplicatedOutPoint; VerificationException.NegativeValueOutput; VerificationException.ExcessiveValue; VerificationException.CoinbaseScriptSizeOutOfRange; VerificationException.BlockVersionOutOfDate; VerificationException.UnexpectedCoinbaseInput; VerificationException.CoinbaseHeightMismatch; VerificationException.NoncanonicalSignature; HeadersMessage; UTXOProviderException; MessageSerializer; SegwitAddress; SignatureDecodeException; PeerAddress; StoredUndoableBlock; AddressMessage; SendAddrV2Message; DefaultAddressParser; TxConfidenceTable; BlockChain; UnsafeByteArrayOutputStream; TransactionConfidence; ChildMessage; PrefixedChecksummedBytes; GetDataMessage; VarInt; Peer; GetBlocksMessage; PeerSocketHandler; TransactionOutPoint; Message; MemoryPoolMessage; VersionAck; EmptyMessage; AddressV1Message; NotFoundMessage; TransactionWitness; InventoryMessage; TransactionBroadcaster; RejectedTransactionException; AddressParser; DumpedPrivateKey; Pong; TransactionBroadcast; TransactionBroadcast.ConfidenceChange; TransactionBag; TransactionOutputChanges; FilteredBlock; AddressTest; SegwitAddressTest; SegwitAddressTest.AddressData; UTXOTest; BlockChainTest; TxConfidenceTableTest; BlockTest; AddressComparatorSortTest; BitcoindComparisonTool; BitcoindComparisonTool.BlockWrapper; ECKeyTest; ChainSplitTest; AddressV1MessageTest; NewBlock; NewBlock.TransactionOutPointWithValue; NewBlock.FullBlockTestGenerator; NewBlock.BlockAndValidity; VersionMessageTest; MySQLFullPrunedBlockChainTest; AddressV2MessageTest; LegacyAddressTest; UtilsTest; TransactionTest; TransactionTest.HugeDeclaredSizeTransaction; CheckpointManagerTest; VarIntTest; TransactionOutputTest; ParseByteCacheTest; DumpedPrivateKeyTest; MessageTest; MessageTest.VarStrMessage; MessageTest.VarBytesMessage; BloomFilterTest; AbstractFullPrunedBlockChainTest; H2FullPrunedBlockChainTest; TransactionInputTest; PeerAddressTest; MemoryFullPrunedBlockChainTest; TransactionWitnessTest; BitcoinSerializerTest; SendHeadersMessageTest; PrefixedChecksummedBytesTest; PrefixedChecksummedBytesTest.PrefixedChecksummedBytesToTest; Base58EncodeCheckedTest; PostgresFullPrunedBlockChainTest; FilteredBlockAndPartialMerkleTreeTest; TransactionBroadcastTest; PeerTest; PeerGroupTest; FeeFilterMessage; Context; InventoryItem; ListMessage; BitcoinSerializer.BitcoinPacketHeader; SendHeadersMessage; UTXO; AbstractBlockChain.OrphanBlock; PeerGroup.ChainDownloadSpeedCalculator; RejectMessage; BlockLocator]; [Utils.Runtime]; [Utils.OS]; [ECKey.ECDSASignature]; [ECKey.MissingPrivateKeyException]; [ECKey.KeyIsEncryptedException]; [Transaction.Purpose]; [Transaction.SigHash]; [InventoryItem.Type]; [BloomFilter.BloomUpdate]; [AbstractBlockChain.NewBlockType]; [PeerGroup.PeerListener]; [PeerGroup.PeerStartupListener]; [PeerGroup.LocalhostCheckState]; [PeerGroup.FilterRecalculateMode]; [PeerGroup.Pair]; [RejectMessage.RejectCode]; [Block.VerifyFlag]; [NetworkParameters.ProtocolVersion]; [PartialMerkleTree.ValuesUsed]; [TransactionInput.ConnectionResult]; [TransactionInput.ConnectMode]; [InsufficientMoneyException]; [TxConfidenceTable.WeakConfidenceReference]; [TransactionConfidence.Factory]; [TransactionConfidence.ConfidenceType]; [TransactionConfidence.Source]; [TransactionConfidence.Listener]; [TransactionConfidence.ChangeReason]; [PeerException]; [Peer.GetDataRequest]; [Peer.PendingPing]; [AddressParser.Strict]; [TransactionBroadcast.ProgressCallback]; [BlockChainTest.TweakableTestNet3Params]; [BlockTest.TweakableTestNet3Params]; [Base58DecodeTest]; [NewBlock.Rule]; [NewBlock.MemoryPoolState]; [NewBlock.RuleList]; [Base58DecodeToBigIntegerTest]; [LegacyAddressTest.AltNetwork]; [Base58EncodeTest]; [Base58DecodeCheckedTest]; [Base58DecodeCheckedInvalidChecksumTest]; [Bech32Test]. LCC (Lack of Component Cohesion) = 0.25
bitcoinj_bitcoinj,org.bitcoinj.core.listeners,Cyclic Dependency,The tool detected the smell in this component because this component participates in a cyclic dependency. The participating components in the cycle are: org.bitcoinj.core.listeners; org.bitcoinj.core
bitcoinj_bitcoinj,org.bitcoinj.core.listeners,Cyclic Dependency,The tool detected the smell in this component because this component participates in a cyclic dependency. The participating components in the cycle are: org.bitcoinj.core.listeners; org.bitcoinj.core; org.bitcoinj.wallet
bitcoinj_bitcoinj,org.bitcoinj.core.listeners,Feature Concentration,The tool detected the smell in this component because the component realizes more than one architectural concern/feature. Independent sets of related classes within this component are: [PeerConnectedEventListener]; [ReorganizeListener]; [PreMessageReceivedEventListener; PeerDataEventListener; ChainDownloadStartedEventListener; BlocksDownloadedEventListener; DownloadProgressTracker; BlockchainDownloadEventListener; GetDataEventListener]; [NewBestBlockListener]; [PeerDisconnectedEventListener]; [PeerDiscoveredEventListener]; [TransactionConfidenceEventListener]; [TransactionReceivedInBlockListener]; [OnTransactionBroadcastListener]. LCC (Lack of Component Cohesion) = 0.6
bitcoinj_bitcoinj,org.bitcoinj.net,Cyclic Dependency,The tool detected the smell in this component because this component participates in a cyclic dependency. The participating components in the cycle are: org.bitcoinj.net; org.bitcoinj.core
bitcoinj_bitcoinj,org.bitcoinj.net,Cyclic Dependency,The tool detected the smell in this component because this component participates in a cyclic dependency. The participating components in the cycle are: org.bitcoinj.net; org.bitcoinj.utils; org.bitcoinj.core
bitcoinj_bitcoinj,org.bitcoinj.net,Cyclic Dependency,The tool detected the smell in this component because this component participates in a cyclic dependency. The participating components in the cycle are: org.bitcoinj.net; org.bitcoinj.utils; org.bitcoinj.core; org.bitcoinj.testing
bitcoinj_bitcoinj,org.bitcoinj.net,Feature Concentration,The tool detected the smell in this component because the component realizes more than one architectural concern/feature. Independent sets of related classes within this component are: [NioClient; NioClientManager; ConnectionHandler; NioServer; StreamConnection; BlockingClient; SocketTimeoutTask; ClientConnectionManager; MessageWriteTarget; StreamConnectionFactory; NioClient.Handler; TimeoutHandler; NioClientManager.PendingConnect; AbstractTimeoutHandler; BlockingClientManager]; [ConnectionHandler.BytesAndFuture]; [FilterMerger]; [FilterMerger.Result]. LCC (Lack of Component Cohesion) = 0.22
bitcoinj_bitcoinj,org.bitcoinj.net.discovery,Cyclic Dependency,The tool detected the smell in this component because this component participates in a cyclic dependency. The participating components in the cycle are: org.bitcoinj.net.discovery; org.bitcoinj.core
bitcoinj_bitcoinj,org.bitcoinj.net.discovery,Cyclic Dependency,The tool detected the smell in this component because this component participates in a cyclic dependency. The participating components in the cycle are: org.bitcoinj.net.discovery; org.bitcoinj.params; org.bitcoinj.core
bitcoinj_bitcoinj,org.bitcoinj.wallet,God Component,The tool detected the smell in this component because the component contains high number of classes. Number of classes in the component are: 131
bitcoinj_bitcoinj,org.bitcoinj.wallet,Cyclic Dependency,The tool detected the smell in this component because this component participates in a cyclic dependency. The participating components in the cycle are: org.bitcoinj.wallet; org.bitcoinj.core
bitcoinj_bitcoinj,org.bitcoinj.wallet,Cyclic Dependency,The tool detected the smell in this component because this component participates in a cyclic dependency. The participating components in the cycle are: org.bitcoinj.wallet; org.bitcoinj.core; org.bitcoinj.crypto
bitcoinj_bitcoinj,org.bitcoinj.wallet,Unstable Dependency,The tool detected the smell in this component because this component depends on other components that are less stable than itself. This component depends on following less stable component(s): org.bitcoinj.signers; org.bitcoinj.core.listeners; org.bitcoinj.testing
bitcoinj_bitcoinj,org.bitcoinj.wallet,Feature Concentration,The tool detected the smell in this component because the component realizes more than one architectural concern/feature. Independent sets of related classes within this component are: [AllowUnconfirmedCoinSelector; SendRequest; DefaultCoinSelector; DefaultCoinSelectorTest; WalletTest; WalletTest.TestCoinSelector; DeterministicKeyChain; DeterministicSeed; BasicKeyChain; MarriedKeyChain; MarriedKeyChain.Builder; Wallet; UnreadableWalletException; UnreadableWalletException.BadPassword; UnreadableWalletException.FutureVersion; UnreadableWalletException.WrongNetwork; FilteringCoinSelector; WalletExtension; KeyChain; DefaultRiskAnalysis; WalletProtobufSerializer; KeyTimeCoinSelector; WalletTransaction; DefaultKeyChainFactory; RedeemData; WalletFiles; KeyChainFactory; RiskAnalysis; CoinSelector; KeyChainGroup; KeyChainGroup.Builder; DecryptingKeyBag; KeyChainGroupStructure; CoinSelection; KeyBag; Protos; Protos.PeerAddress; Protos.Builder; Protos.EncryptedData; Protos.Builder; Protos.DeterministicKey; Protos.Builder; Protos.KeyOrBuilder; Protos.Key; Protos.Builder; Protos.Script; Protos.Builder; Protos.ScriptWitness; Protos.Builder; Protos.TransactionInputOrBuilder; Protos.TransactionInput; Protos.Builder; Protos.TransactionOutput; Protos.Builder; Protos.TransactionConfidenceOrBuilder; Protos.TransactionConfidence; Protos.Builder; Protos.TransactionOrBuilder; Protos.Transaction; Protos.Builder; Protos.ScryptParameters; Protos.Builder; Protos.Extension; Protos.Builder; Protos.Tag; Protos.Builder; Protos.WalletOrBuilder; Protos.Wallet; Protos.Builder; Protos.ExchangeRate; Protos.Builder; EncryptableKeyChain; DefaultRiskAnalysisTest; BasicKeyChainTest; KeyChainGroupTest; DeterministicKeyChainTest; WalletTest.TestRiskAnalysis; WalletTest.Analyzer; WalletAccountPathTest; WalletLoadTest; DeterministicKeyChain.Builder; DeterministicUpgradeRequiresPassword; Wallet.FeeCalculation; DefaultRiskAnalysis.Analyzer]; [DeterministicUpgradeRequiredException]; [BasicKeyChain.State]; [Wallet.BalanceType]; [Wallet.BalanceFutureRequest]; [Wallet.SendResult]; [Wallet.MissingSigsMode]; [Wallet.CompletionException]; [Wallet.DustySendRequested]; [Wallet.MultipleOpReturnRequested]; [Wallet.CouldNotAdjustDownwards]; [Wallet.ExceededMaxTransactionSize]; [Wallet.BadWalletEncryptionKeyException]; [Wallet.FreeStandingTransactionOutput]; [Wallet.TxOffsetPair]; [AllRandomKeysRotating]; [KeyChain.KeyPurpose]; [DefaultRiskAnalysis.RuleViolation]; [WalletProtobufSerializer.WalletFactory]; [WalletTransaction.Pool]; [WalletFiles.Listener]; [RiskAnalysis.Result]; [RiskAnalysis.Analyzer]; [Protos.PeerAddressOrBuilder]; [Protos.EncryptedDataOrBuilder]; [Protos.DeterministicKeyOrBuilder]; [Protos.Type]; [Protos.TypeVerifier]; [Protos.OutputScriptType]; [Protos.OutputScriptTypeVerifier]; [Protos.ScriptOrBuilder]; [Protos.ScriptWitnessOrBuilder]; [Protos.TransactionOutputOrBuilder]; [Protos.Type]; [Protos.TypeVerifier]; [Protos.Source]; [Protos.SourceVerifier]; [Protos.Pool]; [Protos.PoolVerifier]; [Protos.Purpose]; [Protos.PurposeVerifier]; [Protos.ScryptParametersOrBuilder]; [Protos.ExtensionOrBuilder]; [Protos.TagOrBuilder]; [Protos.EncryptionType]; [Protos.EncryptionTypeVerifier]; [Protos.ExchangeRateOrBuilder]; [WalletExtensionsTest]. LCC (Lack of Component Cohesion) = 0.37
bitcoinj_bitcoinj,org.bitcoinj.wallet.listeners,Cyclic Dependency,The tool detected the smell in this component because this component participates in a cyclic dependency. The participating components in the cycle are: org.bitcoinj.wallet.listeners; org.bitcoinj.wallet
bitcoinj_bitcoinj,org.bitcoinj.wallet.listeners,Cyclic Dependency,The tool detected the smell in this component because this component participates in a cyclic dependency. The participating components in the cycle are: org.bitcoinj.wallet.listeners; org.bitcoinj.wallet; org.bitcoinj.core
bitcoinj_bitcoinj,org.bitcoinj.wallet.listeners,Unstable Dependency,The tool detected the smell in this component because this component depends on other components that are less stable than itself. This component depends on following less stable component(s): org.bitcoinj.wallet; org.bitcoinj.core
bitcoinj_bitcoinj,org.bitcoinj.wallet.listeners,Ambiguous Interface,The tool detected the smell in this component because the component provides only a single, general entry-point via the following class: AbstractKeyChainEventListener
bitcoinj_bitcoinj,org.bitcoinj.wallet.listeners,Feature Concentration,The tool detected the smell in this component because the component realizes more than one architectural concern/feature. Independent sets of related classes within this component are: [WalletChangeEventListener]; [CurrentKeyChangeEventListener]; [WalletCoinsSentEventListener]; [AbstractKeyChainEventListener; KeyChainEventListener]; [WalletReorganizeEventListener]; [WalletCoinsReceivedEventListener]; [ScriptsChangeEventListener]. LCC (Lack of Component Cohesion) = 0.88
