Repo,TotalTestabilitySmells,TestabilitySmellsDensity,TotalTests,TestDensity
mpetazzoni_ttorrent,251,19.39,17,1.31
Graphify_graphify,45,17.43,9,3.49
jbake-org_jbake,130,13.81,224,23.79
andrewgaul_s3proxy,65,10.24,126,19.86
jai-imageio_jai-imageio-jpeg2000,538,24.72,4,0.18
Cube-Space_Yamler,16,5.14,3,0.96
linkedin_Cubert,578,19.97,86,2.97
renepickhardt_generalized-language-modeling-toolkit,21,8.32,11,4.36
NLPchina_nlp-lang,59,6.01,32,3.26
jordw_heftydb,42,6.08,64,9.26
prometheus_jmx_exporter,7,3.42,52,25.39
tehmou_rx-android-architecture,28,6.92,104,25.72
martinpaljak_GlobalPlatform,34,13.03,27,10.34
graphaware_neo4j-reco,5,2.80,19,10.64
SahaginOrg_sahagin-java,146,16.19,217,24.07
SoftInstigate_restheart,388,10.45,248,6.68
spotify_trickle,36,14.69,60,24.48
chanedi_QuickProject,194,42.53,6,1.32
tesseradata_RHIPE,122,21.76,21,3.75
WhisperSystems_BitHub,21,21.97,12,12.55
dev9com_parallel-webtest,15,4.19,72,20.11
sharneng_gm4java,43,16.17,131,49.27
bedrin_jdbc-sniffer,205,8.05,642,25.22
petitparser_java-petitparser,334,48.48,426,61.83
mulesoft_jaxrs-to-raml,41,4.28,73,7.62
Conductor_kangaroo,13,4.26,47,15.40
square_burst,22,19.77,66,59.30
ObsidianBox_Obsidian,13,7.22,3,1.67
highsource_jaxb2-annotate-plugin,33,35.41,9,9.66
rjenkins_ursus,18,6.69,4,1.49
skroutz_elasticsearch-analysis-turkishstemmer,14,11.56,40,33.03
xaguzman_pathfinding,4,2.76,4,2.76
mono_sharpen,24,3.00,278,34.78
englishtown_vertx-jersey,72,13.28,96,17.71
ZheYuan_Mario,5,0.70,59,8.22
openhab_jmdns,216,19.65,72,6.55
mulesoft_raml-jaxrs-codegen,18,12.62,6,4.21
augustt198_lumen,121,23.84,37,7.29
spring-projects_spring-test-htmlunit,2,0.83,117,48.53
ymback_NGA-CLIENT-VER-OPEN-SOURCE,203,10.03,6,0.30
holgerbrandl_r4intellij,245,10.87,163,7.23
Pragmatists_junitparams,32,9.87,194,59.82
OpenHFT_Koloboke,102,5.11,43,2.15
zhang-xzhi_simplehbase,237,18.16,257,19.69
wildfly-extras_wildfly-camel,248,5.72,777,17.92
jivesoftware_jive-selenium-pages-framework,41,12.44,1,0.30
GluuFederation_oxTrust,543,12.81,95,2.24
NLPchina_elasticsearch-sql,196,12.94,395,26.09
novoda_simple-easy-xml-parser,31,8.87,38,10.87
Steveice10_MCProtocolLib,91,11.89,7,0.91
squeek502_SpiceOfLife,145,21.51,6,0.89
CaptainBern_Reflection,739,75.07,3,0.30
tomitribe_crest,240,15.43,231,14.85
yahoo_xpath_proto_builder,101,21.60,6,1.28
alexholmes_hiped2,216,16.63,8,0.62
pmd_pmd-eclipse-plugin,581,18.77,61,1.97
TouK_sputnik,23,4.74,171,35.24
metricminer-msr_metricminer2,115,26.14,98,22.27
mooso_azure-tables-hadoop,11,7.16,11,7.16
HubSpot_Rosetta,8,2.82,150,52.97
Netflix_ocelli,22,3.88,33,5.82
GlenKPeterson_fp4java7,324,14.93,302,13.91
uwolfer_gerrit-rest-java-client,157,10.44,164,10.91
ReactiveX_RxJavaMath,1,0.57,56,32.15
coheigea_testcases,19,0.73,41,1.59
ToastShaman_dropwizard-auth-jwt,2,3.17,17,26.98
mklemm_jaxb2-rich-contract-plugin,57,9.13,33,5.29
CloudSlang_cloud-slang,193,6.69,941,32.61
mikeberger_borg_calendar,211,5.59,17,0.45
thekrakken_java-grok,9,5.89,60,39.27
enioka_jqm,66,2.59,179,7.01
GrammarViz2_grammarviz2_src,75,11.44,6,0.92
hmsonline_storm-cassandra-cql,43,37.01,8,6.88
lumifyio_securegraph,716,48.49,85,5.76
PSDev_FormValidations,1,1.83,35,64.22
bulenkov_iconloader,587,123.22,1,0.21
dswarm_dswarm,168,5.31,386,12.21
spotify_helios,215,6.18,572,16.45
cloud-software-foundation_c5-replicator,46,4.25,124,11.46
wiztools_stagen,7,10.25,4,5.86
wgybzbrobot_sentiment-search,51,3.32,11,0.72
eXparity_hamcrest-date,452,48.43,718,76.93
takari_takari-smart-builder,1,1.16,8,9.31
jmeter-maven-plugin_jmeter-maven-plugin,143,34.30,203,48.69
sailorgeoffrey_ddp-client-java,5,2.86,6,3.43
structurizr_java,28,1.56,783,43.64
puniverse_capsule,17,5.17,68,20.67
tuenti_SmsRadar,1,1.30,16,20.73
vinhkhuc_jcrfsuite,19,17.21,3,2.72
tech-advantage_sonar-gerrit-plugin,64,27.35,125,53.42
mapzen_open,143,13.42,623,58.45
sword-org_wechat4j,16,2.40,47,7.05
stickfigure_gwizard,29,18.59,6,3.85
mapzen_on-the-road,18,7.50,224,93.29
consulo_consulo-dotnet,172,10.77,1,0.06
SEL-columbia_dristhi,841,33.35,1009,40.01
mcharmas_shoppinglist-clean-architecture-example,5,3.06,20,12.24
syncany_syncany,210,6.34,394,11.89
ReactiveCouchbase_ReactiveCouchbase-play,10,9.45,3,2.84
aparapi_aparapi,494,16.02,13,0.42
Kurento_kurento-java,356,11.41,747,23.95
couchbase_couchbase-lite-java,495,17.96,530,19.23
wuic_wuic,179,3.93,218,4.79
weefbellington_screenplay,19,12.77,3,2.02
AzureAD_azure-activedirectory-library-for-java,74,15.29,43,8.88
seagate_kinetic-java,1645,34.10,111,2.30
KleeGroup_vertigo,823,40.23,454,22.19
Flow_nbt,32,17.02,7,3.72
icode_ameba,167,7.12,3,0.13
iluwatar_java-design-patterns,575,13.43,912,21.30
apache_servicemix,10,3.03,33,10.01
libgdx_ashley,38,6.88,111,20.11
podcastpedia_podcastpedia-web,7,2.04,34,9.89
jaibeermalik_elasticsearch-tutorial,53,23.19,29,12.69
HubSpot_jinjava,186,7.38,1362,54.02
zafarkhaja_jsemver,41,8.91,76,16.51
dschulten_hydra-java,57,5.99,178,18.71
WhisperSystems_PushServer,22,21.91,8,7.97
red5_red5-websocket,31,11.05,9,3.21
vmware_thinapp_factory,279,6.66,93,2.22
tkurz_sesame-vocab-builder,5,3.53,11,7.76
abwaters_cryptsy-api,699,356.27,22,11.21
google_google-api-java-client,162,10.58,15,0.98
audit4j_audit4j-core,146,9.20,162,10.21
red5_red5-client,5,1.37,11,3.01
OhmData_c5-replicator,46,4.25,124,11.46
fhussonnois_storm-trident-elasticsearch,41,29.41,7,5.02
OpenHFT_Chronicle-Bytes,189,7.91,470,19.67
matiwinnetou_spring-soy-view,61,15.93,163,42.56
jbossdemocentral_brms-coolstore-demo,1,1.03,9,9.28
blackberry_Krackle,17,4.44,4,1.04
jmockit_jmockit1,199,4.03,1102,22.34
mendix_RestServices,96,10.70,43,4.79
TheLQ_PircBotX,198,15.22,71,5.46
tim-group_test-driven-detectors4findbugs,10,10.67,16,17.08
techdev-solutions_trackr-backend,7,1.36,291,56.61
tokuhirom_avans,99,13.63,55,7.57
Microsoft_AppInsights-Java,380,8.88,550,12.85
surech_halarious,2,1.81,28,25.29
snazy_ohc,178,12.04,104,7.03
blackberry_KaBoom,4,0.98,10,2.45
noskovd_spring-data-orient,2,0.79,38,14.97
giovibal_vertx-mqtt-broker-mod,37,10.42,2,0.56
orientechnologies_orientdb-etl,1,0.31,54,16.64
droidstealth_droid-stealth,66,8.18,4,0.50
highsource_jsonix-schema-compiler,195,28.79,34,5.02
jimmoores_quandl4j,46,5.61,57,6.95
krschultz_AndroidWeatherBuoyDemo,1,0.86,38,32.70
clarkparsia_stardog-examples,2,1.35,11,7.41
edx_edx-app-android,563,14.32,221,5.62
TNG_jgiven,132,6.25,498,23.56
reinert_requestor,579,15.71,99,2.69
jenjinstudios_jenjin,34,4.02,113,13.37
IKCAP_wings,175,7.09,4,0.16
Jimmy-Shi_bean-query,21,14.26,100,67.89
darcy-framework_darcy-ui,39,5.73,239,35.10
bitcoin-solutions_multibit-website,4,1.94,27,13.09
optimaize_language-detector,88,25.32,91,26.18
zhangkaitao_shiro-example,24,1.18,56,2.76
andsel_moquette,196,21.73,194,21.51
caskdata_tephra,320,12.26,229,8.77
otros-systems_otroslogviewer,413,10.03,387,9.40
searchisko_elasticsearch-river-jira,92,9.69,199,20.97
serenity-bdd_serenity-jbehave,20,4.14,121,25.05
bodiam_markdown-to-asciidoc,1,5.56,4,22.22
uPhyca_GAlette,7,5.63,11,8.84
thelinmichael_spotify-web-api-java,251,7.24,288,8.31
TestFX_TestFX,22,1.59,585,42.25
paukiatwee_budgetapp,59,19.65,23,7.66
SteveyO_Hue-Emulator,26,6.09,17,3.98
arquillian_arquillian-cube,493,14.90,496,14.99
odiszapc_nginx-java-parser,97,57.33,41,24.23
adjust_android_sdk,106,5.65,48,2.56
ExactTarget_fuel-java,8,0.78,267,26.14
JakeWharton_Telecine,1,0.81,9,7.25
ceph_cephfs-hadoop,27,20.75,3,2.31
xtreemfs_babudb,178,8.06,57,2.58
cathive_sass-java,15,12.76,21,17.86
squarespace_jersey2-guice,20,14.66,6,4.40
arangodb_arangodb-java-driver,1094,27.96,569,14.54
juniversal_jsimple,96,5.46,239,13.58
carymrobbins_intellij-haskforce,125,6.68,3,0.16
eseifert_gral,85,2.88,460,15.58
numenta_htm.java,101,2.37,643,15.07
googlegenomics_dataflow-java,91,11.28,83,10.29
HubSpot_live-config,1,1.11,22,24.34
Netflix_Raigad,56,5.87,66,6.92
eclipsesource_J2V8,186,9.66,1161,60.27
JasonRuckman_sidney,238,9.98,30,1.26
alaisi_postgres-async-driver,23,5.38,93,21.77
google_gcm,106,16.08,47,7.13
vogellacompany_eclipse4book,12,8.21,4,2.74
TheMCPEGamer_Dragonet,434,45.58,33,3.47
stephanenicolas_injectview,69,39.07,20,11.33
bkimminich_kata-tcg,2,3.01,43,64.76
hcoles_QuickBuilder,36,12.76,127,45.02
roikku_swift-explorer,29,3.06,124,13.08
stuartgunter_dropwizard-cassandra,29,17.54,40,24.20
kennycason_kumo,75,20.12,82,22.00
tsiemens_pathfinder-toolkit,130,8.12,96,5.99
yahoo_artifactory_ssh_proxy,14,1.80,51,6.56
oxo42_stateless4j,29,10.53,78,28.31
RichardWarburton_honest-profiler,193,14.89,34,2.62
BuiltBrokenModding_ICBM,333,9.60,19,0.55
highsource_jaxb2-basics,235,17.82,44,3.34
Cascading_fluid,22,14.29,13,8.45
casidiablo_multidex,11,9.78,5,4.44
wiztools_rest-client,64,5.45,28,2.39
RestExpress_RestExpress-Examples,20,19.27,4,3.85
mapzen_mapzen-android-demo,143,13.42,623,58.45
virgo47_javasimon,601,22.43,257,9.59
yfpeng_pengyifan-commons,34,6.01,101,17.85
pwittchen_NetworkEvents,3,4.78,7,11.15
LapisBlue_Commons,44,21.81,22,10.91
googlemaps_google-maps-services-java,74,6.19,134,11.20
seleniumQuery_seleniumQuery,1787,93.80,880,46.19
raulhaag_MiMangaNu,176,8.86,71,3.57
Putnami_putnami-web-toolkit,186,6.92,1,0.04
Stratio_stratio-ingestion,120,14.45,177,21.31
c4fcm_CLIFF,110,20.57,50,9.35
Appendium_objectlabkit,283,18.52,183,11.97
teamed_qulice,34,2.70,122,9.70
google_acai,3,1.65,43,23.61
mdeverdelhan_ta4j,483,42.89,299,26.55
takari_takari-lifecycle,68,5.53,206,16.75
sjamesr_jfreesane,9,4.75,40,21.12
caelum_vraptor-panettone,60,25.21,129,54.20
Stratio_streaming-cep-engine,93,9.19,152,15.02
VHAINNOVATIONS_InfoButtons-182,301,6.95,45,1.04
bytedeco_javacpp,236,9.39,71,2.83
fiji_Trainable_Segmentation,157,8.27,6,0.32
apache_incubator-samoa,230,6.73,77,2.25
SudoPlayGames_Joise,18,2.45,36,4.90
path_android-priority-jobqueue,56,10.23,44,8.04
onepf_OPFPush,105,14.07,53,7.10
vert-x3_vertx-metrics,86,16.33,70,13.29
fge_grappa,12,1.57,71,9.28
IBM-Bluemix_todo-apps,1,0.52,57,29.52
guardianproject_ChatSecureAndroid,855,28.85,18,0.61
wbaumann_SmartReceiptsLibrary,647,17.63,706,19.24
KittehOrg_KittehIRCClientLib,520,23.48,159,7.18
ZK-1931_javazab,15,1.47,21,2.06
astefanutti_camel-cdi,14,2.29,183,29.88
robert-bor_aho-corasick,16,6.94,92,39.88
RichardWarburton_java-8-lambdas-exercises,49,14.00,143,40.86
Esri_solutions-geoevent-java,67,2.33,47,1.64
tabulapdf_tabula-java,116,20.65,132,23.50
Netflix_s3mper,2,0.80,13,5.22
tdunning_t-digest,35,4.76,92,12.52
raphaeljolivet_java2typescript,68,27.69,21,8.55
copper-engine_copper-engine,84,2.56,324,9.89
simpligility_android-ndk-maven-plugin,39,11.11,14,3.99
square_javapoet,27,4.25,365,57.48
l3nz_ObjectiveSync,13,5.90,18,8.17
migzai_irc-api,153,24.20,39,6.17
commons-rdf_commons-rdf,67,40.70,35,21.26
real-logic_Agrona,172,4.42,756,19.44
getsentry_raven-java,743,29.30,45,1.77
nutzam_nutzwx,61,10.59,3,0.52
ebay_oink,70,39.24,24,13.45
martinpaljak_GlobalPlatformPro,34,13.03,27,10.34
kuenishi_presto-riak,21,9.24,9,3.96
johnmartel_javaccPlugin,34,13.38,124,48.78
smola_galimatias,150,33.76,47,10.58
Jaspersoft_jrs-rest-java-client,204,11.13,459,25.04
ruediste1_btrbck,11,4.14,54,20.32
Qkyrie_Twitch,19,13.92,37,27.11
nidi3_raml-tester,192,27.56,239,34.31
tracee_tracee,111,15.22,435,59.66
chanjarster_weixin-java-tools,273,19.39,8,0.57
exteso_alf.io,324,8.04,524,13.00
OpenHFT_hftc,102,5.11,43,2.15
finn-no_cassandra-hadoop,24,6.15,1,0.26
FlexTradeUKLtd_jfixture,164,21.31,450,58.46
nosceon_titanite,55,8.55,81,12.60
naver_yobi,186,9.07,516,25.16
mulesoft-labs_rhinodo,16,6.60,12,4.95
release-engineering_pom-manipulation-ext,265,8.53,375,12.08
vert-x3_vertx-codegen,633,24.83,393,15.42
AdoptOpenJDK_mjprof,28,9.05,47,15.19
nhnopensource_volley-extensions,40,3.67,206,18.91
Netflix_dyno,45,2.02,107,4.79
super-csv_super-csv,123,5.67,459,21.16
recommenders_rival,198,20.51,35,3.63
OfficeDev_Office-365-SDK-for-Android,48,1.92,169,6.77
twitter_cloudhopper-commons,193,6.78,400,14.06
searchisko_elasticsearch-river-sysinfo,44,9.87,106,23.77
ObeoNetwork_UML-Designer,207,6.30,126,3.84
PasaLab_Tachyon-Perf,7,2.70,10,3.86
PaNaVTEC_Clean-Contacts,10,2.66,25,6.65
bodar_totallylazy,309,11.73,962,36.53
nutzam_ssdb4j,117,70.61,24,14.48
jenkinsci_acceptance-test-harness,147,6.12,336,14.00
sanity_quickml,416,24.45,103,6.05
swagger-api_swagger-parser,211,12.11,455,26.12
openMF_android-client,536,13.81,58,1.49
AzureAD_azure-activedirectory-library-for-android,352,15.30,338,14.69
Stratio_flume-ingestion,120,14.45,177,21.31
holyeye_spring-trace,18,15.29,5,4.25
spring-io_sagan,44,4.91,258,28.80
sonyxperiadev_gerrit-events,174,15.51,130,11.59
mybatis_ibatis-2,375,12.96,249,8.61
neo4j-contrib_cypher-dsl,135,4.97,298,10.98
nhl_link-rest,843,34.16,613,24.84
SeanTater_uncc2014watsonsim,19,3.19,40,6.71
pusher_pusher-websocket-java,22,3.87,183,32.17
OAuth-Apis_apis,85,13.78,86,13.94
google_closure-stylesheets,1223,29.35,2152,51.65
paksv_teamcity-azure-plugin,1,0.74,2,1.48
unitsofmeasurement_unit-api,74,13.94,138,25.99
reactive-streams_reactive-streams-jvm,16,1.41,264,23.23
filoghost_HolographicDisplays,57,3.88,3,0.20
real-logic_simple-binary-encoding,127,8.25,170,11.04
hal_circuit,83,3.43,26,1.07
gwizard_gwizard,29,18.59,6,3.85
hawkular_hawkular-metrics,162,9.41,160,9.29
silb_shiro-jersey,1,2.20,8,17.58
ampm_douban-fm-sdk,121,21.05,50,8.70
jelkosz_Kanbanik,52,4.42,9,0.76
nordicway_moji,1,1.05,15,15.76
marschall_threeten-jpa,79,22.55,62,17.69
ulyn_eos,101,4.81,8,0.38
serso_android-checkout,44,4.92,145,16.23
Stratio_stratio-deep,119,6.52,174,9.53
bryanreinero_Firehose,14,7.01,3,1.50
cglib_cglib,224,16.68,4,0.30
MSOpenTech_azure-activedirectory-library-for-android,352,15.30,338,14.69
fluo-io_fluo,785,34.52,261,11.48
ReactiveX_RxNetty,99,3.53,18,0.64
sequenceiq_sequenceiq-samples,16,4.59,15,4.30
telefonicaid_fiware-cygnus,157,3.34,606,12.90
libgdx_gdx-ai,101,4.76,10,0.47
groupon_odo,205,13.86,32,2.16
LucidWorks_spark-solr,14,3.17,45,10.17
wikimedia_search-highlighter,83,4.79,414,23.88
bodar_utterlyidle,336,23.26,490,33.92
pac4j_pac4j,1007,22.89,942,21.41
google_u2f-ref-code,33,9.71,50,14.71
michaelwittig_java-q,96,13.96,120,17.45
andytill_erlyberly,14,2.28,18,2.93
spring-cloud_spring-cloud-cli,5,2.00,38,15.19
federicoiosue_Omni-Notes,90,10.51,120,14.02
naver_ngrinder,127,3.26,223,5.72
SnippingToolPlusPlus_SnippingToolPlusPlus,91,11.15,12,1.47
rpau_walkmod-core,285,18.28,139,8.91
schema-repo_schema-repo,74,14.42,35,6.82
davityle_ngAndroid,97,16.89,25,4.35
Kixeye_janus,14,3.56,47,11.95
SurveyMan_SurveyMan,187,21.93,58,6.80
pivotalsoftware_pivotal-samples,4,10.20,6,15.31
peholmst_vaadin4spring,5,3.20,33,21.10
neo4j-contrib_graph-collections,186,14.90,53,4.25
jvirtanen_nassau,48,16.57,37,12.77
benjiman_expressions,11,2.51,88,20.04
Netflix_Prana,5,5.45,7,7.63
saulmm_Material-Movies,29,15.22,5,2.62
lesaint_damapping,205,18.56,269,24.35
hazelcast_hazelcast-simulator,86,2.94,540,18.45
manuzhang_storm-benchmark,231,71.21,53,16.34
rmagen_elastic-gremlin,16,7.24,6,2.71
lilicoding_soot-infoflow-android-iccta,59,10.77,8,1.46
mayconbordin_streaminer,75,2.78,172,6.37
thechunknetwork_RedisBungee,12,6.01,3,1.50
cloudera_cm_ext,66,5.67,269,23.12
timolson_cointrader,2063,79.78,17,0.66
DawnFire-Realms_CommunityBridge,15,1.97,337,44.36
Linfar_TeamCity.SonarQubePlugin,71,16.64,29,6.80
conveyal_gtfs-data-manager,17,5.40,3,0.95
codecentric_spring-boot-starter-batch-web,14,3.98,37,10.51
teamed_requs,154,44.04,38,10.87
tarql_tarql,83,32.03,105,40.52
TomasMikula_ReactFX,19,1.41,103,7.67
larsgrefer_android-library,11,3.21,5,1.46
sogyf_mybatis-pagination,14,4.51,8,2.58
fge_throwing-lambdas,4,0.63,61,9.64
lenskit_lenskit,121,2.67,712,15.71
MALfunction84_psi-probe,59,2.12,280,10.08
OpenHFT_Chronicle-Map,700,20.06,235,6.74
SignalR_java-client,25,4.06,37,6.00
edgedalmacio_phisix,41,30.15,30,22.06
Azure_azure-documentdb-java,8,3.09,33,12.74
xerial_sqlite-jdbc,143,9.88,319,22.05
totalvoidness_cryptomator,57,4.14,50,3.63
HotelsDotCom_plunger,5,1.38,126,34.80
windy1_google-places-api-java,28,10.15,2,0.73
spring-cloud_spring-cloud-consul,59,8.37,180,25.52
apache_incubator-tamaya,356,22.35,660,41.43
SonarSource_sonar-findbugs,79,20.66,93,24.33
PhantomYdn_wicket-orientdb,231,25.88,99,11.09
OryxProject_oryx,160,10.41,381,24.79
ontometrics_slack-youtrack,26,9.18,23,8.12
unchartedsoftware_aperture-tiles,177,6.63,272,10.19
Universal-Electricity_ICBM,333,9.60,19,0.55
Roanis_atg-tdd,51,30.41,41,24.45
snakerflow_snakerflow,71,5.95,40,3.35
stealthly_xml-avro,4,5.89,21,30.93
novoda_sqlite-provider,44,11.20,42,10.70
vladimirvivien_clamshell-cli,28,10.38,33,12.23
awslabs_aws-dynamodb-encryption-java,169,11.12,299,19.67
Stratio_deep-spark,119,6.52,174,9.53
NoChanceSD_PvPManager,26,5.06,13,2.53
lqd-io_liquid-sdk-android,25,6.84,58,15.87
wix_petri,159,14.33,348,31.35
wgybzbrobot_sns-crm,29,11.79,9,3.66
DataDog_jmxfetch,25,3.83,74,11.33
geftimov_MapReduce,76,21.12,9,2.50
eclipse-jetty_eclipse-jetty-plugin,262,20.69,3,0.24
my2iu_Jinq,527,31.20,303,17.94
galenframework_galen,139,5.17,343,12.75
embulk_embulk-output-jdbc,8,2.06,71,18.26
mvarnagiris_financius-public,303,18.87,13,0.81
spring-projects_spring-session,49,1.53,1198,37.41
netplex_json-smart-v1,74,15.22,3,0.62
jonnyzzz_TeamCity.Virtual,20,10.47,26,13.61
gravel-st_gravel,885,18.08,1965,40.15
WhisperSystems_WebSocket-Resources,79,18.25,8,1.85
fiji_Stitching,246,25.39,9,0.93
joshlong_boot-examples,6,8.49,3,4.24
googlesamples_android-testing,14,7.03,75,37.67
yandex-qatools_hamcrest-pojo-matcher-generator,6,8.44,20,28.13
dgageot_simplelenium,19,8.02,88,37.15
yammer_breakerbox,17,4.98,67,19.64
zk1931_jzab,15,1.47,21,2.06
PayPal_PayPal-Java-SDK,267,15.54,33,1.92
dropwizard_dropwizard-protobuf,38,28.61,25,18.83
shazam_fork,53,6.85,58,7.50
HearthStats_HearthStats.net-Uploader,322,54.14,1,0.17
spring-projects_spring-xd-modules,1,0.54,33,17.92
vibe-project_vibe-java-server,3,2.58,1,0.86
chocotan_lolibox,5,2.46,2,0.99
codeine-cd_codeine,584,34.88,97,5.79
wildflyext_wildfly-camel,248,5.72,777,17.92
takari_takari-local-repository,8,2.05,67,17.18
spotify_crtauth-java,25,11.35,31,14.08
nusco_narjillos,67,7.55,316,35.59
intercom_intercom-java,97,11.67,68,8.18
murraycu_android-galaxyzoo,133,21.04,42,6.64
drapostolos_type-parser,9,2.45,250,68.06
SomMeri_matasano-cryptopals-solutions,84,11.27,80,10.73
kaazing_k3po,977,21.34,1664,36.34
red5_red5-hls-plugin,2,0.68,2,0.68
flipkart-incubator_foxtrot,134,7.92,279,16.49
phishman3579_java-algorithms-implementation,63,1.64,193,5.04
KronicDeth_intellij-elixir,205,5.00,1,0.02
devnied_EMV-NFC-Paycard-Enrollment,515,74.09,98,14.10
jbruchanov_AnUitor,31,10.26,14,4.63
Kixeye_chassis,113,11.00,111,10.81
spring-projects_spring-integration-aws,41,4.89,55,6.56
orientechnologies_orientdb-lucene,11,2.25,26,5.32
nginx-clojure_nginx-clojure,811,26.31,85,2.76
sitewhere_sitewhere,194,5.75,13,0.39
eclipse_leshan,331,7.91,498,11.90
jboss-gpe_processFlowProvision,138,15.84,17,1.95
Apereo-Learning-Analytics-Initiative_OpenDashboard,46,5.59,5,0.61
GumTreeDiff_gumtree,111,7.78,162,11.36
norecha_pokubot,25,12.05,6,2.89
sualeh_magnetictrackparser,14,15.56,27,30.00
poetix_protonpack,5,1.62,86,27.91
freemarker_fmpp,147,9.92,12,0.81
jackpf_ApkDownloader,1874,63.75,1,0.03
jparkie_GivesMeHopeAndroidClient,108,35.31,46,15.04
outbrain_ob1k,109,5.51,218,11.01
xhanin_jarup,2,1.85,29,26.78
kristian-lange_MechArg,305,15.65,417,21.40
Cascading_cascading-hive,15,3.13,98,20.47
Cloudslab_CloudSimEx,62,4.30,89,6.18
ReactiveX_RxSwing,2,0.82,41,16.84
appium_java-client,84,4.60,280,15.34
jvirtanen_parity,89,10.60,49,5.84
pusher_pusher-http-java,54,11.33,69,14.48
JorgeCastilloPrz_Corleone,3,1.31,16,6.97
spring-projects_spring-integration-kafka,14,2.36,57,9.59
welovecoding_editorconfig-netbeans,123,24.86,55,11.12
cegeka_batchers,94,20.08,148,31.62
ysc_word,80,7.36,42,3.87
larsga_Duke,111,6.54,592,34.90
pedrovgs_Algorithms,2,0.29,354,50.99
indexiatech_antiquity,86,17.99,39,8.16
marcosvidolin_doco,6,7.10,6,7.10
nenick_AndroidAppDevelopment,6,1.60,71,18.92
SimonVT_cathode,330,17.12,5,0.26
HiddenStage_divide,206,18.06,38,3.33
caskdata_coopr,511,11.80,616,14.22
douglascraigschmidt_POSA-14,97,9.08,52,4.87
emory-courses_cs323,1,0.28,26,7.30
Ullink_simple-slack-api,16,3.47,40,8.67
fiji_TrackMate,1451,34.65,59,1.41
pardom_ollie,35,11.94,17,5.80
digitalfondue_lavagna,91,5.04,439,24.31
ddavison_conductor,9,17.86,14,27.78
valchkou_cassandra-driver-mapping,6,1.22,91,18.56
CIRDLES_Topsoil,106,12.54,23,2.72
ShifuML_guagua,283,15.14,11,0.59
spring-projects_spring-integration-java-dsl,64,3.34,95,4.96
dobrynya_nomin,26,9.14,3,1.05
jmrozanec_cron-utils,480,42.53,539,47.76
basis-technology-corp_tcl-regex-java,5,1.72,73,25.06
GoogleCloudPlatform_bigdata-interop,574,15.32,1070,28.55
lucaspouzac_contiperf,40,8.54,72,15.38
pulsarIO_realtime-analytics,126,10.92,9,0.78
rejasupotaro_octodroid,39,24.09,9,5.56
SharedKnowledge_SharkFW,590,25.46,47,2.03
kishida_sqlparser,56,34.19,36,21.98
jcabi_jcabi-http,229,34.24,108,16.15
simon-heinen_SimpleUi,139,6.35,1,0.05
nemerosa_ontrack,68,4.02,230,13.59
bonigarcia_dualsub,146,37.32,17,4.35
RuedigerMoeller_kontraktor,292,7.70,120,3.17
google_domaintest,87,16.00,57,10.48
passy_scdl,113,19.73,54,9.43
jagornet_dhcp,249,8.50,66,2.25
iilab_PanicButton,65,9.70,101,15.08
holodeck-b2b_Holodeck-B2B,447,13.85,285,8.83
Netflix_aegisthus,66,16.44,4,1.00
subchen_jetbrick-template-2x,505,51.39,157,15.98
pilehvar_ADW,6,2.58,6,2.58
mozilla_MozStumbler,335,16.15,61,2.94
guardianproject_NetCipher,76,12.93,29,4.93
mcupak_beacon-of-beacons,33,6.55,42,8.33
oyachai_HearthSim,113,3.56,479,15.09
jlinn_quartz-redis-jobstore,13,2.35,66,11.95
damiencarol_jsr203-hadoop,25,9.49,74,28.09
LordH3lmchen_TwitchTools,11,2.61,3,0.71
nulab_backlog4j,12,0.79,139,9.11
TeamCohen_ProPPR,172,13.95,69,5.60
google_truth,1163,25.47,2961,64.86
serenity-bdd_serenity-demos,9,4.92,23,12.58
JetBrains_youtrack.mylyn.connector,61,7.48,1,0.12
abel533_ECharts,20,1.08,26,1.41
greenmail-mail-test_greenmail,161,10.26,162,10.32
pastekit_twist,42,7.80,84,15.59
buremba_rakam,85,7.39,50,4.35
Tillerino_Tillerinobot,87,6.70,234,18.01
emicklei_rendersnake,30,2.03,2,0.14
twotoasters_multi-column-list-adapter,5,12.41,4,9.93
opensciencemap_vtm,717,18.23,51,1.30
elastic_elasticsearch-river-couchdb,3,2.52,11,9.23
dbfit_dbfit,60,6.15,289,29.61
idok_jscs-plugin,15,17.58,4,4.69
elastic_elasticsearch-river-wikipedia,2,2.16,2,2.16
jkazama_ddd-java,26,8.21,14,4.42
bywan_trello-java-wrapper,81,17.83,87,19.15
englishtown_vertx-cassandra,62,17.65,64,18.22
Instagram_ig-json-parser,85,20.76,43,10.50
mbernste_machine-learning,20,3.31,1,0.17
vert-x3_codegen,633,24.83,393,15.42
pantsbuild_intellij-pants-plugin,97,7.62,12,0.94
socketIo4Netty_socketIo4j,40,13.87,60,20.81
beothorn_webGrude,5,7.79,2,3.12
OpenMRS_openmrs-module-fhir,599,41.02,115,7.87
jitsi_jigasi,205,12.76,8,0.50
srikalyc_Sql4D,729,138.54,3,0.57
HubTurbo_HubTurbo,159,6.74,520,22.05
elibom_jogger,86,16.37,78,14.85
fizzed_java-stork,22,7.17,25,8.15
extjwnl_extjwnl,353,19.20,270,14.68
xpqiu_fnlp,551,16.78,41,1.25
moznion_java-mysql-diff,6,4.43,9,6.65
vert-x3_service-proxy,50,7.16,158,22.63
gwtbootstrap3_gwtbootstrap3,417,14.18,3,0.10
elastic_elasticsearch-transport-memcached,5,6.51,1,1.30
WASdev_standards.jsr352.jbatch,279,16.84,51,3.08
Kixeye_kixmpp,138,19.31,30,4.20
Rayman2200_PDFA3,398,29.72,5,0.37
bither_bitherj,723,29.58,53,2.17
mirkosertic_FXDesktopSearch,18,5.60,10,3.11
SmartBear_JCeleryWorker,2,1.19,9,5.38
etsy_Conjecture,9,1.70,25,4.72
goodow_realtime-store,7,1.64,24,5.63
airbnb_AirMapView,8,3.12,10,3.90
Cardshifter_Cardshifter,51,3.69,24,1.74
nicklondhe_newsindexer,10,7.52,34,25.56
google_rich-test-results,1,5.29,18,95.24
ribot_easy-adapter,3,2.08,34,23.53
lightcouch_LightCouch,7,1.85,57,15.02
tuplejump_stargate-core,58,7.33,17,2.15
meyerjp3_psychometrics,419,9.07,237,5.13
levigo_jbig2-imageio,174,20.99,46,5.55
nightscout_android-uploader,140,21.95,190,29.79
reines_dropwizard-debpkg-maven-plugin,26,5.39,64,13.26
HdrHistogram_HdrHistogram,80,6.16,64,4.92
netizen539_civcraft,2271,47.24,1,0.02
FasterXML_jackson-dataformat-cbor,45,15.59,3,1.04
subchen_jetbrick-template-1x,437,41.79,36,3.44
Netflix_Nicobar,42,5.39,70,8.99
mulesoft-labs_quartz-mongodb,2,2.25,7,7.89
smartparam_smartparam,57,2.99,476,25.00
HadoopGenomics_Hadoop-BAM,136,16.20,141,16.80
dropwizard_metrics,482,17.64,751,27.48
igniterealtime_jxmpp,54,7.83,76,11.01
google_google-http-java-client,568,20.21,101,3.59
Mashape_Astronode-Broadcaster,4,5.19,2,2.59
rkday_jsipp,6,2.56,26,11.11
ks-no_eventstore2,165,12.89,102,7.97
SonarCommunity_sonar-csharp,199,13.22,595,39.52
chenlb_mmseg4j-core,14,7.64,44,24.00
poetix_octarine,77,14.29,93,17.26
RNCryptor_JNCryptor,14,5.80,34,14.08
ic3fox_jawr,328,7.00,717,15.31
javaee-samples_javaee7-samples,151,4.15,445,12.22
awslabs_aws-sdk-java-resources,78,4.73,17,1.03
whois-server-list_public-suffix-list,58,36.11,24,14.94
the-blue-alliance_the-blue-alliance-android,500,14.37,451,12.96
kohlschutter_junixsocket,151,5.29,324,11.35
linux-china_plantuml-gist,1,0.87,2,1.73
spearal_spearal-java,15,2.86,35,6.68
sneerteam_sneer,33,8.11,2,0.49
abel533_Mapper,198,6.44,496,16.14
digitalbuddha_AndroidStarter,1184,489.86,2,0.83
Ecwid_consul-api,34,4.63,22,2.99
ajohnston9_ciscorouter,13,5.77,9,3.99
TannerPerrien_picasso-transformations,68,12.63,3,0.56
OpenHFT_Chronicle-Queue,446,17.15,430,16.54
kiselev-dv_gazetteer,113,8.15,37,2.67
jansorg_BashSupport,109,4.14,936,35.53
kairosdb_kairosdb-client,110,24.87,100,22.61
nguyenq_tess4j,142,18.44,79,10.26
Netflix_ReactiveLab,22,9.31,2,0.85
krasa_StringManipulation,83,4.88,164,9.64
juniversal_juniversal,404,17.01,27,1.14
AChep_AcDisplay,344,14.28,3,0.12
HPI-Information-Systems_Metanome,717,27.81,624,24.21
basgren_railways,53,16.94,36,11.51
Stratio_stratio-streaming,93,9.19,152,15.02
swookiee_com.swookiee.runtime,16,8.60,3,1.61
codelibs_elasticsearch-dynarank,18,12.88,7,5.01
radcortez_wow-auctions,4,4.35,15,16.32
hansenji_pocketknife,90,26.77,35,10.41
palantir_stash-codesearch-plugin,41,15.47,5,1.89
irobertson_pojomatic,58,9.11,172,27.02
ESAPI_esapi-java-legacy,856,21.75,531,13.49
ben-manes_concurrentlinkedhashmap,11,0.83,10,0.76
psidnell_ofexport2,80,16.38,125,25.59
mraad_Shapefile,30,17.80,22,13.06
ruediste_btrbck,11,4.14,54,20.32
tectonicus_tectonicus,224,10.88,27,1.31
jherico_jovr,349,312.44,1,0.90
englishtown_vertx-when,8,3.70,53,24.51
OpenSOC_opensoc-streaming,95,6.45,53,3.60
JD-Software_JDeSurvey,12,0.70,4,0.23
thheller_shadow-pgsql,60,19.51,30,9.75
google_openrtb-doubleclick,21,8.63,46,18.91
stickfigure_objectify-insight,8,3.80,51,24.21
Cloudslab_cloudsim,769,24.75,119,3.83
edwardcapriolo_nibiru,440,65.71,40,5.97
vt-middleware_passay,57,5.98,1,0.10
btrplace_scheduler,206,4.16,555,11.20
Netflix_staash,208,19.19,41,3.78
stagemonitor_stagemonitor,197,6.70,551,18.73
maciejmiklas_cyclop,64,5.31,220,18.26
calrissian_flowmix,158,40.73,37,9.54
google_google-oauth-java-client,59,7.13,20,2.42
ReactiveX_RxJavaReactiveStreams,2,1.32,28,18.45
spotify_docker-maven-plugin,9,3.78,21,8.82
eseifert_vectorgraphics2d,33,6.26,133,25.23
divolte_divolte-collector,46,5.98,220,28.60
theupswell_appengine-counter,6,1.45,111,26.84
NetApp_NetApp-Hadoop-NFS-Connector,52,12.14,5,1.17
komamitsu_jackson-dataformat-msgpack,7,6.64,14,13.27
WhisperSystems_TextSecure-Server,207,6.56,653,20.71
cecom_pomutils,18,13.77,12,9.18
davidsowerby_krail,45,3.08,224,15.34
fesh0r_fernflower,315,11.58,169,6.21
HolmesNL_kafka-spout,19,15.57,46,37.70
jbachorik_btrace,265,8.33,169,5.31
HotswapProjects_HotswapAgentExamples,12,6.20,18,9.29
krisjey_redis.usecase,1,1.52,6,9.15
pushtorefresh_bamboo-storage,211,6.22,1010,29.79
jprante_elasticsearch-xml,20,5.87,13,3.82
aceleradora6-tw_RegistroLivre,3,1.96,46,30.05
arun-gupta_wildfly-samples,135,8.23,11,0.67
whatscloud_whatscloud-android,151,5.65,1,0.04
BranchMetrics_Branch-Android-SDK,87,4.85,112,6.24
eHarmony_vw-webservice,21,9.68,16,7.38
flaxsearch_luwak,133,17.41,160,20.94
edwardcapriolo_farsandra,87,45.86,12,6.33
scratches_spring-boot-legacy,4,3.84,11,10.55
phasenraum2010_javaee7-petclinic,2,0.81,40,16.19
lordi_tickmate,29,7.23,15,3.74
webdriverextensions_webdriverextensions,35,5.66,100,16.17
couchbase_couchbase-jvm-core,675,15.72,577,13.44
spring-cloud_spring-cloud-connectors,53,5.94,227,25.45
dcevm_dcevm,385,47.34,111,13.65
brettwooldridge_HikariJSON,23,38.79,4,6.75
Baqend_Orestes-Bloomfilter,19,2.50,97,12.75
quemb_QMBForm,71,20.54,15,4.34
JetBrains_teamcity-deployer-plugin,59,17.53,25,7.43
Netflix_zeno,51,3.20,120,7.53
viritin_viritin,125,5.75,56,2.58
vladmihalcea_flexy-pool,90,11.83,125,16.44
chanjarster_tomcat-mongo-access-log,31,20.68,2,1.33
Alexey1Gavrilov_expectit,78,16.34,56,11.73
Vincentyification_JavaBot,58,14.59,35,8.80
caelum_mamute,367,23.81,329,21.35
chanan_SignalJ,30,10.77,3,1.08
vinumeris_lighthouse,191,15.18,29,2.30
Netflix_spectator,81,2.21,1585,43.21
readydev_retrogram,2,1.86,28,26.00
red5_red5-io,175,10.73,90,5.52
google_jimfs,124,8.28,458,30.57
searchisko_elasticsearch-river-remote,133,10.16,252,19.25
Sotera_distributed-graph-analytics,46,10.10,76,16.69
tlaukkan_zigbee4java,1713,37.35,80,1.74
chiuki_gce2retrofit,1,1.24,30,37.13
Team254_TrajectoryLib,38,23.28,32,19.61
fcrepo3_gsearch,1,0.12,169,20.16
jetty-project_jetty-alpn,1,1.42,7,9.97
prasanthj_hyperloglog,12,5.35,34,15.17
jurmous_etcd4j,56,13.62,58,14.11
41concepts_VALJOGen,96,14.19,169,24.98
tkaczmarzyk_specification-arg-resolver,151,15.21,536,53.99
JetBrains_teamcity-azure-plugin,1,0.74,2,1.48
twitter_hpack,7,5.22,11,8.20
recruit-tech_redpen,1181,53.17,1131,50.92
serenity-bdd_serenity-cucumber,13,3.60,36,9.97
XiaoMi_chronos,20,11.84,19,11.25
reveal-technologies_sitewhere,194,5.75,13,0.39
junichi11_netbeans-github-issues-plugin,74,12.58,6,1.02
dropwizard_dropwizard-java8,29,10.64,109,39.99
rterp_GMapsFX,54,10.83,26,5.21
tox4j_tox4j,2,1.62,1,0.81
rapidftr_RapidFTR-Android,94,8.63,424,38.93
inductiveautomation_opc-ua-stack,6818,240.45,15,0.53
mulesoft_raml-for-jax-rs,41,4.28,73,7.62
bramp_ffmpeg-cli-wrapper,136,30.94,75,17.06
kwon37xi_hibernate4-memcached,45,10.28,146,33.36
spring-cloud_spring-cloud-config,93,3.86,767,31.85
netceteragroup_valdr-bean-validation,2,1.20,31,18.63
stephanenicolas_mimic,1,1.51,28,42.36
google_google-authenticator-android,60,6.05,215,21.69
jensjaeger_play4jpa,7,3.61,43,22.18
graphaware_neo4j-uuid,1,0.78,45,34.88
miho_JCSG,31,1.94,6,0.38
yesnault_PlayStartApp,10,10.64,1,1.06
Flow_Caustic,91,10.17,1,0.11
IntuitDeveloper_SampleApp-TimeTracking_Invoicing-Java,6,2.76,27,12.44
jenkinsci_junit-plugin,60,6.09,109,11.06
jayway_powermock,140,3.91,971,27.12
hogelog_line-chart-view,14,13.35,2,1.91
revapi_revapi,476,15.49,329,10.71
WebGoat_WebGoat,38,3.75,254,25.06
documents4j_documents4j,251,26.29,47,4.92
spring-projects_spring-restdocs,37,1.88,882,44.89
abrensch_brouter,72,3.82,37,1.96
lightblue-platform_lightblue-core,532,12.08,1294,29.38
apache_curator,2647,56.90,634,13.63
OpenHFT_Chronicle-Core,169,11.04,324,21.16
davidmoten_rxjava-jdbc,100,10.79,204,22.01
oasp_oasp4j,92,8.15,64,5.67
salyh_elasticsearch-river-imap,23,6.90,17,5.10
resty-gwt_resty-gwt,129,8.69,34,2.29
statefulj_statefulj,49,7.81,62,9.88
octo-online_reactive-audit,30,3.73,85,10.58
confluentinc_kafka-rest,324,13.17,765,31.09
tootedom_related,240,18.18,228,17.27
fabric8io_quickstarts,22,10.12,9,4.14
ehcache_ehcache-jcache,5,2.16,12,5.18
expercise_expercise,119,22.58,88,16.70
uPhyca_idobata4j,5,1.63,43,14.01
jubeio_jube,42,6.86,15,2.45
guikeller_jetty-runner,10,10.49,21,22.04
nativelibs4java_BridJ,642,21.32,458,15.21
Firebase_geofire-java,22,10.23,30,13.95
mstahv_maddon,125,5.75,56,2.58
etsy_statsd-jvm-profiler,32,17.48,45,24.58
cloudfoundry-community_spring-boot-cf-service-broker,5,3.22,42,27.08
xmlunit_xmlunit,895,30.71,864,29.65
apache_incubator-twill,259,10.74,83,3.44
holgerbrandl_themoviedbapi,62,12.27,80,15.83
branky_cascading.hive,15,11.49,20,15.31
rtreffer_minidns,91,9.20,130,13.15
vladmihalcea_hibernate-master-class,142,12.36,125,10.88
vbence_stream-m,48,7.13,6,0.89
orangesignal_orangesignal-android-camera,31,3.15,26,2.64
springer-opensource_omelet,100,26.58,30,7.97
redraiment_jactiverecord,42,13.94,27,8.96
OpenHFT_Chronicle-Wire,1083,25.24,945,22.03
MER-C_wiki-java,103,11.98,178,20.71
jitsi_jicofo,63,6.39,9,0.91
AltBeacon_android-beacon-library,56,4.60,214,17.57
flexiblepower_powermatcher,41,4.47,177,19.31
iheartradio_open-m3u8,114,22.43,36,7.08
tesis-dynaware_graph-editor,65,4.24,31,2.02
NirmataOSS_workflow,96,24.36,33,8.37
udacity_ud859,74,12.86,100,17.38
linkedin_Spyglass,18,6.06,23,7.74
phax_ph-css,1124,59.10,177,9.31
internet-research-network_breeze,12,5.54,68,31.38
davidmoten_rtree,194,9.51,288,14.11
naver_volley-extensions,40,3.67,206,18.91
pydio_pydio-sync-java,50,9.14,13,2.38
gregturn_spring-a-gram,8,6.96,4,3.48
awslabs_aws-ant-tasks,48,9.74,9,1.83
Hive2Hive_PeerBox,60,3.17,365,19.27
mapzen_lost,52,6.24,349,41.90
yegor256_netbout,35,3.09,116,10.24
tynamo_tapestry-security,32,8.97,5,1.40
knightliao_disconf,170,9.08,29,1.55
MCTCP_TerrainControl,547,23.98,43,1.89
jprante_elasticsearch-plugin-bundle,55,4.52,4,0.33
zhangkaitao_spring4-showcase,8,1.66,59,12.23
johnjohndoe_TypedPreferences,7,10.69,57,87.02
spotify_futures-extra,2,0.86,89,38.30
MinecraftForge_FernFlower,315,11.58,169,6.21
RentTheRunway2_alchemy,259,37.60,167,24.25
orhanobut_wasp,13,3.93,40,12.10
Accla_d4m_api_java,331,18.32,160,8.86
esigate_esigate,467,23.88,17,0.87
javers_javers,94,4.32,18,0.83
codelibs_elasticsearch-taste,175,11.06,2,0.13
spirosoik_RapidAndroidApp,58,16.99,12,3.51
la-team_light-admin,246,23.47,105,10.02
apache_struts-examples,72,11.07,10,1.54
fadeyev_intellijcoder,46,15.43,63,21.13
wb14123_bard,55,18.68,44,14.95
scopely_fontain,9,7.63,4,3.39
timtiemens_secretshare,48,4.74,83,8.19
buschmais_extended-objects,690,52.25,167,12.64
novoda_sqlite-analyzer,494,84.63,26,4.45
embulk_embulk,80,3.55,249,11.05
polydawn_mdm,12,2.77,63,14.52
JetBrains_kotlin-eclipse,75,6.05,1133,91.41
square_okio,7,0.99,453,63.96
cternes_openkeepass,411,69.59,182,30.82
tuenti_ButtonMenu,1,0.57,49,27.86
FEMR_femr,23,1.12,12,0.58
castlabs_dashencrypt,40,7.59,9,1.71
orangesignal_orangesignal-csv,41,0.98,765,18.36
ewolff_user-registration,2,5.39,8,21.56
XiaoMi_themis,118,11.18,174,16.49
ClickTravel_Cheddar,31,1.24,830,33.33
pumadong_cl-privilege,11,3.44,1,0.31
google_google-auth-library-java,166,9.35,573,32.29
Swrve_rate-limited-logger,3,2.35,14,10.98
andrewgaul_modernizer-maven-plugin,28,14.26,26,13.25
bjornharrtell_jdbc-http-server,2,3.13,16,25.04
dcm4che_dcm4chee-arc-cdi,213,6.89,185,5.99
tiagobento_watertemplate-engine,28,11.77,59,24.81
spotify_docker-client,328,10.37,330,10.43
yammer_tenacity,31,8.15,105,27.60
mjsax_aeolus,288,21.10,219,16.04
pac4j_play-pac4j,10,7.32,21,15.36
Eldelshell_jongo,299,35.09,214,25.12
netplex_json-smart-v2,113,13.33,140,16.51
elastic_elasticsearch-hadoop,368,9.11,822,20.36
OpenNMS_newts,246,28.39,105,12.12
blockchain_api-v1-client-java,37,13.45,4,1.45
clinejj_foursquare-api-java,410,65.30,69,10.99
Yubico_java-u2flib-server,80,27.44,98,33.62
aol_micro-server,44,2.61,499,29.55
joeattardi_tailstreamer,6,8.58,13,18.60
sdstoehr_har-reader,11,5.06,56,25.78
sviperll_adt4j,4,0.80,9,1.81
pmarches_jStellarAPI,20,4.50,33,7.42
ehcache_sizeof,34,10.45,31,9.52
pprados_audit-reactive,30,3.73,85,10.58
benas_easy-batch,488,38.16,277,21.66
taichi_siden,17,3.66,48,10.33
apache_uima-uimafit,303,16.93,318,17.77
shiyimin_androidtestdebug,65,7.35,66,7.47
spring-cloud_spring-cloud-cluster,5,1.65,35,11.57
Apereo-Learning-Analytics-Initiative_LearningAnalyticsProcessor,20,4.34,40,8.68
dsyer_spring-boot-ratpack,2,2.03,14,14.21
radkovo_jStyleParser,847,33.14,200,7.83
operasoftware_operaprestodriver,2666,125.96,613,28.96
semanticvectors_semanticvectors,352,18.60,105,5.55
TomasMikula_RichTextFX,28,1.71,122,7.44
acciente_oacc-core,90,1.93,1230,26.32
open-eid_digidoc4j,1454,33.05,1326,30.14
camelinaction_camelinaction,1,0.13,221,28.40
thiagolocatelli_parse4j,59,9.15,59,9.15
DICE-UNC_idrop,209,5.84,155,4.33
exxeleron_qJava,6,0.99,39,6.47
remibantos_jeeshop,103,15.30,231,34.31
urandom_gearshift,616,69.54,41,4.63
kairosdb_kairosdb,403,10.30,572,14.62
fireduck64_jelectrum,57,3.17,76,4.23
Netflix_iep,37,4.16,321,36.12
thm-projects_arsnova-backend,149,8.98,52,3.13
zutherb_AppStash,15,2.97,38,7.52
meltmedia_dropwizard-crypto,17,30.58,10,17.99
policeman-tools_forbidden-apis,15,5.14,20,6.85
kohlschuetter_junixsocket,151,5.29,324,11.35
dpaukov_combinatoricslib,36,7.02,116,22.61
ReactiveX_RxJavaString,1,0.71,50,35.51
forge_roaster,637,37.33,565,33.11
unitsofmeasurement_unit-ri,125,12.56,301,30.24
kite-sdk_kite-examples,4,2.71,14,9.49
Haehnchen_idea-php-shopware-plugin,56,7.22,2,0.26
matrix-org_matrix-android-sdk,345,7.13,158,3.27
ConnectSDK_Connect-SDK-Android-Core,541,28.06,184,9.54
crosswalk-project_crosswalk-cordova-android,69,4.31,10,0.62
mongobee_mongobee,17,11.46,38,25.62
PayPal_SeLion,318,8.54,276,7.42
Netflix_suro,476,27.85,177,10.36
spring-projects_spring-data-keyvalue,15,2.87,258,49.30
h3xstream_http-script-generator,19,6.39,23,7.73
jbox2d_jbox2d,519,14.41,2,0.06
matlux_jvm-breakglass,13,12.81,11,10.84
xvik_dropwizard-guicey,174,8.89,54,2.76
nitram509_jmacaroons,66,25.08,46,17.48
dashbuilder_dashbuilder,738,16.06,742,16.15
3breadt_dd-plist,64,18.02,94,26.47
lsds_SEEP,64,1.72,72,1.94
liveoak-io_liveoak,1061,21.66,401,8.18
twotoasters_SectionCursorAdapter,6,8.96,10,14.93
coinbase_coinbase-java,56,5.92,44,4.65
oldratlee_classloader-playground,19,25.07,11,14.51
arnohaase_a-base,27,1.57,193,11.22
NLPchina_ansj_seg,216,21.23,117,11.50
greenrobot_greenrobot-common,23,4.09,108,19.22
jodastephen_property-alliance,6,3.30,30,16.52
JeffreyFalgout_ThrowingStream,16,4.11,12,3.08
kzwang_elasticsearch-image,17,11.24,1,0.66
atinfo_at.info-knowledge-base,25,5.40,69,14.90
kaazing_robot,977,21.34,1664,36.34
raydac_java-binary-block-parser,726,31.95,1252,55.09
CalebFenton_simplify,134,6.52,253,12.31
sinkillerj_ProjectE,403,17.12,62,2.63
ATLauncher_ATLauncher,306,9.59,33,1.03
AChep_HeadsUp,162,12.88,3,0.24
sanjivsingh_stackoverflow-java-sdk,293,20.23,154,10.63
groupon_jesos,594,21.14,15,0.53
iainporter_oauth2-provider,4,1.71,24,10.24
lejon_T-SNE-Java,31,4.73,73,11.14
mrmans0n_smart-location-lib,26,8.27,24,7.63
lestard_advanced-bindings,2,0.67,109,36.47
